number of threads, number of stars, time elapsed
8, 0, 18366.000000
8, 0, 15130.000000
8, 0, 11782.000000
8, 0, 13988.000000
8, 0, 10385.000000
8, 0, 10298.000000
8, 0, 10240.000000
8, 0, 9369.000000
8, 0, 9008.000000
8, 0, 8980.000000
8, 0, 8956.000000
8, 0, 8591.000000
8, 0, 8790.000000
8, 0, 8710.000000
8, 0, 8711.000000
8, 0, 8742.000000
8, 0, 11380.000000
8, 0, 14599.000000
8, 0, 12999.000000
8, 0, 10577.000000
8, 0, 11284.000000
8, 0, 14696.000000
8, 0, 13243.000000
8, 0, 12582.000000
8, 0, 12071.000000
8, 0, 11583.000000
8, 0, 11420.000000
8, 0, 10873.000000
8, 0, 10541.000000
8, 0, 10197.000000
8, 0, 9895.000000
8, 0, 9653.000000
8, 0, 9466.000000
8, 0, 9180.000000
8, 0, 9045.000000
8, 0, 8853.000000
8, 0, 8751.000000
8, 0, 8534.000000
8, 0, 8775.000000
8, 0, 9550.000000
8, 0, 8804.000000
8, 0, 8964.000000
8, 0, 8994.000000
8, 0, 8738.000000
8, 0, 8820.000000
8, 0, 8908.000000
8, 0, 8915.000000
8, 0, 8816.000000
8, 0, 9764.000000
8, 0, 10859.000000
8, 0, 9850.000000
8, 0, 9576.000000
8, 0, 12236.000000
8, 0, 12274.000000
8, 0, 8898.000000
8, 0, 10376.000000
8, 0, 8713.000000
8, 0, 8880.000000
8, 0, 8973.000000
8, 0, 8948.000000
8, 0, 8715.000000
8, 0, 8764.000000
8, 0, 9033.000000
8, 0, 8839.000000
8, 0, 13551.000000
8, 0, 10847.000000
8, 0, 13749.000000
8, 0, 13697.000000
8, 0, 12808.000000
8, 0, 12732.000000
8, 0, 11829.000000
8, 0, 11563.000000
8, 0, 17652.000000
8, 0, 17479.000000
8, 564, 21407.000000
8, 554, 23746.000000
8, 542, 20501.000000
8, 535, 16797.000000
8, 525, 17057.000000
8, 513, 15457.000000
8, 496, 14397.000000
8, 484, 14929.000000
8, 470, 12594.000000
8, 462, 11071.000000
8, 453, 10861.000000
8, 447, 11574.000000
8, 437, 11252.000000
8, 424, 10641.000000
8, 420, 18790.000000
8, 410, 12985.000000
8, 405, 14666.000000
8, 400, 14234.000000
8, 395, 12612.000000
8, 390, 12816.000000
8, 383, 19272.000000
8, 376, 19406.000000
8, 373, 18672.000000
8, 370, 17886.000000
8, 367, 18749.000000
8, 363, 16132.000000
8, 359, 15037.000000
8, 354, 14099.000000
8, 347, 13490.000000
8, 345, 19815.000000
8, 344, 25281.000000
8, 338, 20606.000000
8, 334, 18136.000000
8, 331, 16762.000000
8, 329, 20381.000000
8, 329, 20615.000000
8, 326, 19531.000000
8, 323, 15049.000000
8, 322, 14328.000000
8, 321, 13872.000000
8, 321, 19923.000000
8, 319, 20096.000000
8, 317, 16845.000000
8, 317, 15916.000000
8, 315, 15364.000000
8, 311, 13911.000000
8, 976, 25562.000000
8, 958, 21919.000000
8, 946, 20631.000000
8, 937, 19391.000000
8, 920, 18506.000000
8, 901, 17426.000000
8, 888, 17311.000000
8, 872, 17049.000000
8, 868, 17042.000000
8, 854, 17413.000000
8, 841, 17343.000000
8, 829, 16250.000000
8, 819, 15976.000000
8, 810, 15929.000000
8, 803, 15917.000000
8, 794, 15744.000000
8, 791, 15548.000000
8, 785, 15447.000000
8, 776, 15202.000000
8, 772, 16243.000000
8, 765, 14965.000000
8, 755, 15026.000000
8, 752, 15205.000000
8, 748, 14817.000000
8, 739, 15586.000000
8, 732, 14700.000000
8, 723, 14706.000000
8, 718, 14498.000000
8, 712, 14326.000000
8, 710, 14382.000000
8, 706, 14574.000000
8, 700, 14250.000000
8, 696, 14045.000000
8, 693, 14092.000000
8, 689, 14069.000000
8, 1375, 29350.000000
8, 1361, 28474.000000
8, 1352, 28471.000000
8, 1338, 27903.000000
8, 1321, 27559.000000
8, 1307, 29259.000000
8, 1293, 31959.000000
8, 1278, 26682.000000
8, 1263, 26859.000000
8, 1253, 26312.000000
8, 1240, 26023.000000
8, 1234, 25092.000000
8, 1222, 24772.000000
8, 1215, 24560.000000
8, 1200, 25452.000000
8, 1189, 24499.000000
8, 1179, 23886.000000
8, 1171, 23388.000000
8, 1161, 23506.000000
8, 1155, 23479.000000
8, 1143, 23415.000000
8, 1140, 22812.000000
8, 1132, 22317.000000
8, 1124, 22437.000000
8, 1115, 22249.000000
8, 1598, 38671.000000
8, 1586, 39629.000000
8, 1565, 34465.000000
8, 1545, 33703.000000
8, 1533, 35134.000000
8, 1520, 33638.000000
8, 1502, 32825.000000
8, 1492, 32209.000000
8, 1476, 36634.000000
8, 1465, 31778.000000
8, 1458, 32788.000000
8, 1449, 30997.000000
8, 1438, 31145.000000
8, 1430, 30179.000000
8, 1420, 30057.000000
8, 1914, 53939.000000
8, 1887, 51422.000000
8, 1866, 46526.000000
8, 1843, 45450.000000
8, 1831, 43935.000000
8, 1811, 43161.000000
8, 1795, 42880.000000
8, 1784, 43519.000000
8, 1776, 46470.000000
8, 1760, 43411.000000
8, 1747, 41271.000000
8, 1732, 41381.000000
8, 1720, 40755.000000
8, 1703, 40826.000000
8, 2359, 71734.000000
8, 2320, 66129.000000
8, 2296, 71495.000000
8, 2268, 63360.000000
8, 2249, 65929.000000
8, 2221, 63012.000000
8, 2197, 59104.000000
8, 2175, 58195.000000
8, 2154, 66433.000000
8, 2135, 62078.000000
8, 2112, 58904.000000
8, 2088, 55874.000000
8, 2601, 84452.000000
8, 2551, 85275.000000
8, 2513, 75267.000000
8, 2482, 73399.000000
8, 2440, 76410.000000
8, 2402, 82358.000000
8, 2370, 80462.000000
8, 3153, 117470.000000
8, 3100, 114373.000000
8, 3060, 109651.000000
8, 3865, 171755.000000
8, 3823, 171966.000000
8, 3761, 161826.000000
8, 3717, 159727.000000
8, 3666, 149000.000000
8, 3620, 151341.000000
8, 3579, 143369.000000
8, 3544, 140884.000000
8, 3499, 139552.000000
8, 3469, 141550.000000
8, 3427, 132206.000000
8, 3395, 133350.000000
8, 3370, 127498.000000
8, 3331, 123376.000000
8, 3298, 126803.000000
8, 3267, 123100.000000
8, 3232, 125612.000000
8, 3208, 124207.000000
8, 3173, 115560.000000
8, 3151, 112843.000000
8, 3124, 116390.000000
8, 3102, 108282.000000
8, 3086, 116884.000000
8, 3427, 135011.000000
8, 3378, 131498.000000
8, 3346, 131872.000000
8, 3315, 134161.000000
8, 3284, 125161.000000
8, 3240, 130497.000000
8, 3203, 121121.000000
8, 3170, 113023.000000
8, 3132, 117876.000000
8, 3096, 112901.000000
8, 3071, 111753.000000
8, 3045, 109470.000000
8, 3614, 150013.000000
8, 3580, 149478.000000
8, 4108, 193318.000000
8, 4027, 177116.000000
8, 3964, 178443.000000
8, 3900, 173331.000000
8, 3847, 168627.000000
8, 3798, 160690.000000
8, 3743, 159199.000000
8, 3704, 156277.000000
8, 3659, 152390.000000
8, 3607, 145782.000000
8, 3569, 140289.000000
8, 3530, 142896.000000
8, 3487, 150183.000000
8, 3459, 161960.000000
8, 3416, 134677.000000
8, 3376, 130052.000000
8, 3350, 126706.000000
8, 3314, 130629.000000
8, 3286, 133520.000000
8, 3931, 173350.000000
8, 3901, 173422.000000
8, 3870, 171155.000000
8, 3832, 162075.000000
8, 3796, 161777.000000
8, 3767, 160486.000000
8, 3734, 156895.000000
8, 3708, 155522.000000
8, 4387, 213829.000000
8, 4351, 204658.000000
8, 4313, 206821.000000
8, 4278, 208695.000000
8, 4256, 208581.000000
8, 4222, 199807.000000
8, 4185, 198510.000000
8, 4152, 194955.000000
8, 4124, 193696.000000
8, 4089, 189291.000000
8, 4060, 180686.000000
8, 4027, 187364.000000
8, 4004, 176304.000000
8, 3970, 176557.000000
8, 3947, 177632.000000
8, 3926, 175022.000000
8, 3904, 177417.000000
8, 3875, 166720.000000
8, 3854, 175082.000000
8, 3838, 191665.000000
8, 3819, 163553.000000
8, 3794, 162398.000000
8, 3769, 167280.000000
8, 3746, 166113.000000
8, 3726, 153724.000000
8, 3694, 153017.000000
8, 3670, 147890.000000
8, 3657, 148649.000000
8, 3637, 146192.000000
8, 3611, 145130.000000
8, 3592, 143114.000000
8, 3575, 151026.000000
8, 3560, 141729.000000
8, 3540, 141949.000000
8, 3530, 140554.000000
8, 3514, 138159.000000
8, 4059, 187241.000000
8, 4027, 180375.000000
8, 3999, 175687.000000
8, 3971, 175998.000000
8, 3937, 176905.000000
8, 3908, 169510.000000
8, 3882, 172176.000000
8, 3859, 179446.000000
8, 3830, 189625.000000
8, 3803, 165668.000000
8, 3778, 161015.000000
8, 3753, 161604.000000
8, 3734, 157086.000000
8, 3707, 154440.000000
8, 3687, 159841.000000
8, 4249, 204768.000000
8, 4199, 193069.000000
8, 4165, 190877.000000
8, 4131, 189645.000000
8, 4099, 186408.000000
8, 4060, 186577.000000
8, 4014, 181183.000000
8, 3979, 172627.000000
8, 3953, 172732.000000
8, 4775, 246756.000000
8, 4724, 246240.000000
8, 4687, 243220.000000
8, 4649, 232767.000000
8, 4611, 229957.000000
8, 4566, 229235.000000
8, 5194, 294392.000000
8, 5142, 287105.000000
8, 5088, 291266.000000
8, 5056, 288072.000000
8, 5008, 277909.000000
8, 4968, 269280.000000
8, 4937, 268939.000000
8, 4899, 260943.000000
8, 4861, 260798.000000
8, 4821, 252362.000000
8, 4772, 246580.000000
8, 5559, 348351.000000
8, 5499, 352019.000000
8, 5457, 329770.000000
8, 5417, 317010.000000
8, 5368, 315231.000000
8, 5319, 309043.000000
8, 5280, 298364.000000
8, 5239, 296255.000000
8, 5207, 298805.000000
8, 5174, 294419.000000
8, 5137, 289837.000000
8, 5102, 284809.000000
8, 5074, 282662.000000
8, 5038, 276814.000000
8, 5008, 272795.000000
8, 5509, 328137.000000
8, 5466, 321036.000000
8, 5425, 311295.000000
8, 5386, 312164.000000
8, 5341, 304829.000000
8, 5294, 300512.000000
8, 5252, 293505.000000
8, 5222, 288737.000000
8, 5182, 289682.000000
8, 5143, 286825.000000
8, 5110, 292005.000000
8, 5081, 320121.000000
8, 5039, 310062.000000
8, 5002, 272460.000000
8, 4975, 275253.000000
8, 4949, 261288.000000
8, 4918, 258306.000000
8, 4887, 263806.000000
8, 4862, 254480.000000
8, 4832, 256833.000000
8, 4806, 253452.000000
8, 4787, 250023.000000
8, 4761, 249752.000000
8, 4741, 247785.000000
8, 4722, 242822.000000
8, 4706, 241360.000000
8, 4692, 244537.000000
8, 4675, 237194.000000
8, 4652, 235258.000000
8, 4633, 234543.000000
8, 4614, 232229.000000
8, 4590, 234645.000000
8, 4574, 231909.000000
8, 4545, 230493.000000
8, 4517, 228790.000000
8, 4501, 218334.000000
8, 4483, 219364.000000
8, 4467, 220034.000000
8, 4450, 219573.000000
8, 4437, 221644.000000
8, 4423, 210391.000000
8, 4405, 215375.000000
8, 4387, 210119.000000
8, 4367, 211791.000000
8, 4350, 206608.000000
8, 4332, 207208.000000
8, 4317, 205189.000000
8, 4301, 199798.000000
8, 4277, 208911.000000
8, 4257, 200052.000000
8, 4240, 195991.000000
8, 4223, 197757.000000
8, 4210, 193480.000000
8, 4192, 198318.000000
8, 4177, 187777.000000
8, 4163, 192045.000000
8, 4153, 196695.000000
8, 4145, 188947.000000
8, 4131, 192815.000000
8, 4116, 191239.000000
8, 4106, 184853.000000
8, 4097, 184929.000000
8, 4083, 179613.000000
8, 4066, 189172.000000
8, 4060, 181170.000000
8, 4046, 188300.000000
8, 4039, 181510.000000
8, 4026, 187184.000000
8, 4016, 180283.000000
8, 4005, 180283.000000
8, 3997, 178466.000000
8, 3978, 179742.000000
8, 3968, 187308.000000
8, 3956, 175368.000000
8, 3943, 173130.000000
8, 3938, 175366.000000
8, 3926, 179460.000000
8, 3918, 172920.000000
8, 3907, 175795.000000
8, 3892, 166781.000000
8, 3881, 163966.000000
8, 3863, 171697.000000
8, 3851, 168817.000000
8, 3839, 177478.000000
8, 3823, 188399.000000
8, 3814, 162524.000000
8, 3804, 168454.000000
8, 3789, 162201.000000
8, 3781, 159316.000000
8, 3776, 163417.000000
8, 3761, 161976.000000
8, 3747, 159964.000000
8, 3738, 159514.000000
8, 3719, 155657.000000
8, 3711, 155753.000000
8, 3704, 153175.000000
8, 3697, 158250.000000
8, 3688, 149449.000000
8, 3677, 153922.000000
8, 3672, 151337.000000
8, 3670, 149504.000000
8, 3665, 153955.000000
8, 3654, 145980.000000
8, 3644, 150547.000000
8, 3632, 157757.000000
8, 3624, 171208.000000
8, 3615, 150035.000000
8, 3605, 146408.000000
8, 3601, 154378.000000
8, 3589, 143434.000000
8, 3579, 153128.000000
8, 3564, 149203.000000
8, 3553, 145759.000000
8, 3547, 146559.000000
8, 3539, 147778.000000
8, 3532, 139426.000000
8, 3523, 138627.000000
8, 3515, 143663.000000
8, 3504, 134794.000000
8, 3489, 138434.000000
8, 3482, 142753.000000
8, 3477, 138216.000000
8, 3464, 133393.000000
8, 3454, 137089.000000
8, 3444, 145159.000000
8, 3429, 140497.000000
8, 3425, 135126.000000
8, 3419, 136364.000000
8, 3410, 134789.000000
8, 3396, 132387.000000
8, 3387, 128852.000000
8, 3379, 132935.000000
8, 3372, 128110.000000
8, 3366, 129860.000000
8, 3361, 125325.000000
8, 3357, 131035.000000
8, 3352, 128729.000000
8, 3343, 130519.000000
8, 3338, 131002.000000
8, 3330, 130701.000000
8, 3326, 127436.000000
8, 3321, 128050.000000
8, 3311, 133480.000000
8, 3303, 129242.000000
8, 3295, 129730.000000
8, 3288, 123516.000000
8, 3280, 123110.000000
8, 3272, 134354.000000
8, 3262, 136922.000000
8, 3256, 125740.000000
8, 3245, 128658.000000
8, 3236, 124034.000000
8, 3231, 125410.000000
8, 3224, 120516.000000
8, 3215, 121877.000000
8, 3207, 116637.000000
8, 3196, 124328.000000
8, 3186, 117613.000000
8, 3182, 115331.000000
8, 3178, 119435.000000
8, 3170, 116882.000000
8, 3162, 118762.000000
8, 3157, 116771.000000
8, 3153, 120103.000000
8, 3148, 111917.000000
8, 3140, 113942.000000
8, 3132, 117821.000000
8, 3126, 114461.000000
8, 3121, 116716.000000
8, 3117, 112647.000000
8, 3112, 111402.000000
8, 3108, 115647.000000
8, 3103, 116257.000000
8, 3097, 110814.000000
8, 3089, 116532.000000
8, 3083, 107062.000000
8, 3076, 109470.000000
8, 3067, 112974.000000
8, 3063, 110770.000000
8, 3056, 108490.000000
8, 3048, 104852.000000
8, 3039, 113895.000000
8, 3033, 103727.000000
8, 3021, 107368.000000
8, 3015, 103562.000000
8, 3008, 108315.000000
8, 3002, 111480.000000
8, 2995, 102995.000000
8, 2989, 102541.000000
8, 2982, 106176.000000
8, 2976, 107704.000000
8, 2967, 106304.000000
8, 2952, 104652.000000
8, 2945, 98902.000000
8, 2939, 105431.000000
8, 2935, 108636.000000
8, 2929, 106910.000000
8, 2920, 103407.000000
8, 2912, 103626.000000
8, 2902, 100674.000000
8, 2897, 99834.000000
8, 2892, 97064.000000
8, 2882, 98692.000000
8, 2875, 97716.000000
8, 2868, 100055.000000
8, 2860, 100553.000000
8, 2851, 92323.000000
8, 2841, 101200.000000
8, 2835, 98482.000000
8, 2832, 95412.000000
8, 2823, 93650.000000
8, 2814, 96952.000000
8, 2808, 92127.000000
8, 2803, 93705.000000
8, 2797, 95819.000000
8, 2787, 92075.000000
8, 2785, 91370.000000
8, 2775, 92188.000000
8, 2768, 96637.000000
8, 2764, 88224.000000
8, 2752, 97983.000000
8, 2746, 93212.000000
8, 2740, 90160.000000
8, 2731, 96732.000000
8, 2726, 90608.000000
8, 2721, 86327.000000
8, 2717, 91173.000000
8, 2712, 87644.000000
8, 2704, 87096.000000
8, 2694, 84669.000000
8, 2689, 91405.000000
8, 2686, 90579.000000
8, 2677, 85767.000000
8, 2671, 84521.000000
8, 2663, 86914.000000
8, 2655, 83770.000000
8, 2651, 88513.000000
8, 2646, 81404.000000
8, 2640, 88306.000000
8, 2633, 85193.000000
8, 2629, 84188.000000
8, 2619, 84163.000000
8, 2614, 83505.000000
8, 2611, 78781.000000
8, 2607, 80975.000000
8, 2602, 81207.000000
8, 2597, 82459.000000
8, 2593, 80212.000000
8, 2588, 81583.000000
8, 2583, 83508.000000
8, 2576, 78871.000000
8, 2571, 77588.000000
8, 2568, 81730.000000
8, 2562, 77719.000000
8, 2556, 78316.000000
8, 2550, 77294.000000
8, 2545, 78365.000000
8, 2538, 78398.000000
8, 2531, 79884.000000
8, 2522, 80593.000000
8, 2516, 78376.000000
8, 2512, 74359.000000
8, 2506, 79500.000000
8, 2503, 78593.000000
8, 2495, 76579.000000
8, 2487, 76429.000000
8, 2481, 80264.000000
8, 2472, 75542.000000
8, 2470, 79770.000000
8, 2463, 72236.000000
8, 2460, 71463.000000
8, 2452, 72371.000000
8, 2445, 75902.000000
8, 2439, 75444.000000
8, 2434, 75786.000000
8, 2430, 76106.000000
8, 2424, 75245.000000
8, 2418, 71757.000000
8, 2411, 73621.000000
8, 2405, 72624.000000
8, 2401, 72521.000000
8, 2395, 73519.000000
8, 2387, 72004.000000
8, 2384, 68376.000000
8, 2378, 67521.000000
8, 2376, 68112.000000
8, 2372, 67981.000000
8, 2367, 68187.000000
8, 2363, 72543.000000
8, 2357, 67159.000000
8, 2344, 70993.000000
8, 2339, 66522.000000
8, 2339, 71237.000000
8, 2330, 70833.000000
8, 2325, 67860.000000
8, 2316, 67772.000000
8, 2309, 67154.000000
8, 2303, 67047.000000
8, 2294, 63657.000000
8, 2291, 69176.000000
8, 2288, 63092.000000
8, 2278, 65648.000000
8, 2272, 63617.000000
8, 2270, 63235.000000
8, 2268, 64508.000000
8, 2262, 66270.000000
8, 2254, 62692.000000
8, 2248, 61863.000000
8, 2242, 63854.000000
8, 2237, 64322.000000
8, 2234, 61894.000000
8, 2231, 65492.000000
8, 2230, 61398.000000
8, 2227, 63485.000000
8, 2223, 63468.000000
8, 2221, 62783.000000
8, 2215, 61445.000000
8, 2211, 59618.000000
8, 2205, 59710.000000
8, 2202, 59631.000000
8, 2198, 64681.000000
8, 2193, 61646.000000
8, 2193, 58972.000000
8, 2190, 59287.000000
8, 2183, 60908.000000
8, 2174, 67712.000000
8, 2170, 62628.000000
8, 2167, 61804.000000
8, 2165, 59194.000000
8, 2161, 61078.000000
8, 2157, 61679.000000
8, 2153, 59213.000000
8, 2150, 59814.000000
8, 2147, 61153.000000
8, 2140, 57180.000000
8, 2136, 62271.000000
8, 2133, 56126.000000
8, 2127, 59531.000000
8, 2126, 59848.000000
8, 2122, 59730.000000
8, 2119, 57250.000000
8, 2116, 58179.000000
8, 2115, 61026.000000
8, 2113, 55257.000000
8, 2109, 57610.000000
8, 2104, 62701.000000
8, 2100, 56713.000000
8, 2097, 54666.000000
8, 2097, 56784.000000
8, 2093, 59773.000000
8, 2090, 54179.000000
8, 2088, 58245.000000
8, 2081, 59411.000000
8, 2073, 55709.000000
8, 2066, 53898.000000
8, 2066, 57368.000000
8, 2060, 53652.000000
8, 2058, 56689.000000
8, 2054, 53620.000000
8, 2049, 54118.000000
8, 2044, 52800.000000
8, 2039, 56013.000000
8, 2035, 57233.000000
8, 2032, 56253.000000
8, 2026, 53671.000000
8, 2023, 53203.000000
8, 2016, 56534.000000
8, 2010, 52808.000000
8, 2008, 50800.000000
8, 2005, 50741.000000
8, 2005, 50735.000000
8, 2000, 51122.000000
8, 1998, 54581.000000
8, 1992, 56572.000000
8, 1989, 50557.000000
8, 1987, 53794.000000
8, 1980, 51804.000000
8, 1976, 55868.000000
8, 1973, 56187.000000
8, 1972, 53116.000000
8, 1968, 54538.000000
8, 1962, 49170.000000
8, 1959, 58395.000000
8, 1957, 49106.000000
8, 1952, 48320.000000
8, 1947, 48361.000000
8, 1943, 48528.000000
8, 1939, 52736.000000
8, 1938, 47944.000000
8, 1932, 48419.000000
8, 1930, 47462.000000
8, 1927, 52825.000000
8, 1923, 55760.000000
8, 1917, 47457.000000
8, 1912, 46795.000000
8, 1911, 53801.000000
8, 1907, 51723.000000
8, 1903, 46674.000000
8, 1899, 50603.000000
8, 1896, 50859.000000
8, 1892, 48794.000000
8, 1889, 46134.000000
8, 1887, 50844.000000
8, 1883, 53965.000000
8, 1880, 46678.000000
8, 1875, 46877.000000
8, 1874, 50298.000000
8, 1869, 51730.000000
8, 1867, 51206.000000
8, 1866, 45842.000000
8, 1860, 50834.000000
8, 1858, 49663.000000
8, 1854, 47293.000000
8, 1851, 48932.000000
8, 1844, 45315.000000
8, 1842, 52904.000000
8, 1840, 44293.000000
8, 1835, 47899.000000
8, 1830, 43920.000000
8, 1826, 47581.000000
8, 1825, 43891.000000
8, 1820, 50822.000000
8, 1817, 44764.000000
8, 1817, 55760.000000
8, 1812, 59676.000000
8, 1807, 48916.000000
8, 1805, 43447.000000
8, 1803, 43067.000000
8, 1796, 44479.000000
8, 1794, 42458.000000
8, 1792, 42839.000000
8, 1790, 47860.000000
8, 1786, 47272.000000
8, 1783, 42064.000000
8, 1776, 49093.000000
8, 1775, 46234.000000
8, 1775, 42942.000000
8, 1767, 41911.000000
8, 1764, 41339.000000
8, 1760, 47246.000000
8, 1754, 41588.000000
8, 1751, 42644.000000
8, 1748, 42373.000000
8, 1744, 41784.000000
8, 1738, 40265.000000
8, 1734, 40669.000000
8, 1732, 42002.000000
8, 1730, 39884.000000
8, 1727, 39880.000000
8, 1727, 39955.000000
8, 1725, 39819.000000
8, 1720, 44495.000000
8, 1716, 39563.000000
8, 1711, 40459.000000
8, 1710, 40086.000000
8, 1706, 40793.000000
8, 1703, 39699.000000
8, 1699, 39776.000000
8, 1694, 42587.000000
8, 1691, 40034.000000
8, 1687, 40764.000000
8, 1684, 38498.000000
8, 1680, 44430.000000
8, 1678, 38554.000000
8, 1670, 40725.000000
8, 1665, 38795.000000
8, 1662, 38038.000000
8, 1658, 41019.000000
8, 1656, 38323.000000
8, 1651, 37573.000000
8, 1648, 38600.000000
8, 1643, 42970.000000
8, 1642, 40488.000000
8, 1640, 40450.000000
8, 1637, 38968.000000
8, 1636, 38062.000000
8, 1630, 38577.000000
8, 1629, 36729.000000
8, 1627, 38819.000000
8, 1625, 36824.000000
8, 1621, 36269.000000
8, 1614, 36558.000000
8, 1609, 36529.000000
8, 1605, 36333.000000
8, 1599, 39503.000000
8, 1598, 36146.000000
8, 1595, 44016.000000
8, 1593, 41737.000000
8, 1590, 38343.000000
8, 1585, 35442.000000
8, 1582, 37751.000000
8, 1577, 37892.000000
8, 1571, 34888.000000
8, 1569, 37338.000000
8, 1562, 34467.000000
8, 1561, 35337.000000
8, 1557, 34435.000000
8, 1555, 34671.000000
8, 1552, 34012.000000
8, 1550, 35511.000000
8, 1548, 34054.000000
8, 1545, 34209.000000
8, 1541, 33853.000000
8, 1535, 35178.000000
8, 1532, 34806.000000
8, 1532, 33409.000000
8, 1531, 33736.000000
8, 1528, 32891.000000
8, 1527, 34827.000000
8, 1524, 32889.000000
8, 1522, 33127.000000
8, 1517, 35371.000000
8, 1516, 33030.000000
8, 1511, 33406.000000
8, 1510, 35635.000000
8, 1510, 34277.000000
8, 1505, 32592.000000
8, 1503, 37124.000000
8, 1500, 32379.000000
8, 1498, 33374.000000
8, 1496, 32855.000000
8, 1495, 32306.000000
8, 1493, 32169.000000
8, 1485, 32917.000000
8, 1483, 32153.000000
8, 1478, 33037.000000
8, 1478, 32887.000000
8, 1477, 32854.000000
8, 1470, 34530.000000
8, 1466, 31471.000000
8, 1464, 31173.000000
8, 1462, 31213.000000
8, 1460, 31377.000000
8, 1456, 31134.000000
8, 1454, 31110.000000
8, 1449, 31019.000000
8, 1447, 33573.000000
8, 1445, 31427.000000
8, 1442, 33167.000000
8, 1438, 32279.000000
8, 1433, 30540.000000
8, 1430, 30142.000000
8, 1424, 31579.000000
8, 1421, 30187.000000
8, 1419, 30203.000000
8, 1417, 30657.000000
8, 1415, 32781.000000
8, 1415, 29819.000000
8, 1413, 29830.000000
8, 1410, 30750.000000
8, 1408, 29465.000000
8, 1405, 31297.000000
8, 1403, 29618.000000
8, 1403, 29693.000000
8, 1399, 29684.000000
8, 1396, 32225.000000
8, 1392, 29361.000000
8, 1389, 30064.000000
8, 1387, 29820.000000
8, 1386, 31096.000000
8, 1386, 29237.000000
8, 1382, 28773.000000
8, 1380, 28857.000000
8, 1377, 28689.000000
8, 1374, 28841.000000
8, 1373, 28381.000000
8, 1369, 28370.000000
8, 1366, 28792.000000
8, 1366, 28696.000000
8, 1364, 28723.000000
8, 1364, 28327.000000
8, 1364, 28311.000000
8, 1362, 28331.000000
8, 1360, 29766.000000
8, 1360, 28449.000000
8, 1359, 31662.000000
8, 1357, 31355.000000
8, 1356, 27935.000000
8, 1354, 28291.000000
8, 1352, 28124.000000
8, 1348, 28478.000000
8, 1348, 29294.000000
8, 1348, 28313.000000
8, 1347, 28208.000000
8, 1344, 28948.000000
8, 1343, 27919.000000
8, 1342, 27477.000000
8, 1338, 27647.000000
8, 1338, 28488.000000
8, 1336, 28044.000000
8, 1334, 31021.000000
8, 1334, 28951.000000
8, 1331, 27439.000000
8, 1329, 28041.000000
8, 1329, 27665.000000
8, 1328, 27273.000000
8, 1326, 30523.000000
8, 1325, 28107.000000
8, 1322, 28018.000000
8, 1318, 27212.000000
8, 1315, 28088.000000
8, 1314, 30293.000000
8, 1314, 27500.000000
8, 1311, 27159.000000
8, 1311, 28604.000000
8, 1308, 27148.000000
8, 1305, 30422.000000
8, 1303, 26525.000000
8, 1303, 26987.000000
8, 1302, 26968.000000
8, 1300, 26596.000000
8, 1298, 26454.000000
8, 1294, 26743.000000
8, 1288, 27406.000000
8, 1287, 26102.000000
8, 1286, 25900.000000
8, 1283, 29463.000000
8, 1281, 26676.000000
8, 1279, 26283.000000
8, 1278, 26889.000000
8, 1277, 26700.000000
8, 1270, 25643.000000
8, 1267, 25674.000000
8, 1265, 25646.000000
8, 1264, 26568.000000
8, 1262, 25695.000000
8, 1261, 25898.000000
8, 1261, 25712.000000
8, 1260, 25521.000000
8, 1255, 28006.000000
8, 1251, 25210.000000
8, 1251, 25672.000000
8, 1250, 27389.000000
8, 1247, 25635.000000
8, 1244, 25160.000000
8, 1242, 25032.000000
8, 1239, 25471.000000
8, 1239, 24915.000000
8, 1235, 24795.000000
8, 1234, 25636.000000
8, 1232, 24685.000000
8, 1231, 25078.000000
8, 1231, 25069.000000
8, 1227, 24682.000000
8, 1225, 25049.000000
8, 1224, 24508.000000
8, 1224, 24938.000000
8, 1221, 27069.000000
8, 1220, 24410.000000
8, 1218, 29365.000000
8, 1214, 24173.000000
8, 1213, 24431.000000
8, 1211, 24594.000000
8, 1210, 24299.000000
8, 1207, 24322.000000
8, 1206, 24138.000000
8, 1204, 23950.000000
8, 1202, 24189.000000
8, 1201, 23997.000000
8, 1198, 23869.000000
8, 1193, 24191.000000
8, 1192, 23642.000000
8, 1190, 23759.000000
8, 1189, 24075.000000
8, 1185, 24402.000000
8, 1184, 23662.000000
8, 1181, 23353.000000
8, 1179, 23659.000000
8, 1177, 24517.000000
8, 1177, 23723.000000
8, 1177, 24065.000000
8, 1176, 23524.000000
8, 1175, 23833.000000
8, 1172, 23443.000000
8, 1170, 23572.000000
8, 1166, 23296.000000
8, 1164, 23059.000000
8, 1161, 23006.000000
8, 1159, 24851.000000
8, 1156, 23192.000000
8, 1155, 23465.000000
8, 1153, 22954.000000
8, 1152, 27012.000000
8, 1150, 23695.000000
8, 1147, 24677.000000
8, 1146, 25494.000000
8, 1146, 22815.000000
8, 1145, 22780.000000
8, 1145, 22527.000000
8, 1144, 23896.000000
8, 1142, 22958.000000
8, 1141, 22924.000000
8, 1141, 23337.000000
8, 1139, 23820.000000
8, 1134, 22922.000000
8, 1132, 23367.000000
8, 1130, 22236.000000
8, 1129, 22544.000000
8, 1128, 22163.000000
8, 1127, 22115.000000
8, 1127, 22258.000000
8, 1126, 24493.000000
8, 1123, 24982.000000
8, 1120, 23339.000000
8, 1115, 22150.000000
8, 1113, 21828.000000
8, 1112, 21917.000000
8, 1109, 21948.000000
8, 1107, 22261.000000
8, 1107, 21690.000000
8, 1104, 21804.000000
8, 1104, 25891.000000
8, 1104, 21659.000000
8, 1103, 21593.000000
8, 1101, 21582.000000
8, 1099, 24467.000000
8, 1098, 22108.000000
8, 1096, 21669.000000
8, 1094, 21613.000000
8, 1091, 21918.000000
8, 1091, 21429.000000
8, 1089, 21275.000000
8, 1088, 23410.000000
8, 1086, 21321.000000
8, 1084, 21331.000000
8, 1083, 22079.000000
8, 1080, 22528.000000
8, 1075, 21028.000000
8, 1073, 21263.000000
8, 1072, 21046.000000
8, 1070, 20862.000000
8, 1070, 21474.000000
8, 1066, 21292.000000
8, 1064, 20822.000000
8, 1063, 20695.000000
8, 1061, 22314.000000
8, 1056, 20833.000000
8, 1055, 20535.000000
8, 1054, 20660.000000
8, 1054, 22563.000000
8, 1052, 20707.000000
8, 1050, 20394.000000
8, 1049, 21520.000000
8, 1045, 20430.000000
8, 1045, 20478.000000
8, 1044, 21737.000000
8, 1041, 20187.000000
8, 1039, 20326.000000
8, 1037, 22654.000000
8, 1033, 20166.000000
8, 1032, 20248.000000
8, 1029, 19999.000000
8, 1024, 20165.000000
8, 1021, 20610.000000
8, 1020, 19715.000000
8, 1019, 20015.000000
8, 1017, 20510.000000
8, 1017, 19839.000000
8, 1016, 19907.000000
8, 1012, 20389.000000
8, 1012, 19788.000000
8, 1012, 19778.000000
8, 1008, 20975.000000
8, 1007, 20663.000000
8, 1007, 20419.000000
8, 1006, 19749.000000
8, 1005, 19442.000000
8, 1003, 19378.000000
8, 1002, 19344.000000
8, 1001, 19365.000000
8, 998, 20224.000000
8, 995, 20452.000000
8, 995, 19304.000000
8, 991, 19437.000000
8, 991, 19491.000000
8, 990, 19079.000000
8, 988, 21032.000000
8, 984, 19485.000000
8, 982, 19211.000000
8, 981, 19039.000000
8, 978, 20512.000000
8, 975, 18830.000000
8, 972, 18674.000000
8, 970, 19077.000000
8, 970, 19833.000000
8, 969, 19041.000000
8, 966, 18851.000000
8, 965, 18661.000000
8, 963, 18545.000000
8, 963, 18530.000000
8, 961, 18562.000000
8, 960, 18497.000000
8, 957, 20546.000000
8, 956, 18972.000000
8, 955, 18788.000000
8, 954, 18699.000000
8, 954, 18427.000000
8, 953, 19330.000000
8, 950, 19017.000000
8, 949, 18262.000000
8, 947, 21302.000000
8, 943, 18149.000000
8, 942, 18444.000000
8, 940, 21209.000000
8, 939, 18087.000000
8, 937, 18125.000000
8, 936, 18552.000000
8, 934, 18238.000000
8, 932, 18497.000000
8, 930, 18379.000000
8, 928, 17739.000000
8, 926, 18423.000000
8, 925, 18382.000000
8, 925, 17801.000000
8, 923, 18092.000000
8, 921, 18355.000000
8, 920, 18431.000000
8, 919, 19058.000000
8, 915, 18163.000000
8, 914, 17734.000000
8, 913, 17748.000000
8, 910, 17861.000000
8, 907, 17488.000000
8, 905, 17563.000000
8, 903, 17533.000000
8, 902, 18180.000000
8, 901, 17510.000000
8, 901, 17643.000000
8, 897, 18892.000000
8, 894, 17393.000000
8, 892, 17500.000000
8, 891, 17130.000000
8, 890, 17478.000000
8, 888, 17190.000000
8, 885, 18289.000000
8, 885, 17345.000000
8, 885, 17233.000000
8, 883, 17001.000000
8, 880, 16926.000000
8, 879, 17181.000000
8, 877, 16844.000000
8, 873, 17054.000000
8, 869, 18141.000000
8, 868, 18214.000000
8, 867, 17404.000000
8, 862, 17809.000000
8, 861, 16567.000000
8, 861, 16941.000000
8, 858, 16605.000000
8, 857, 16622.000000
8, 857, 16657.000000
8, 856, 16583.000000
8, 851, 16682.000000
8, 848, 16978.000000
8, 847, 16562.000000
8, 846, 16580.000000
8, 844, 17740.000000
8, 843, 16427.000000
8, 842, 16342.000000
8, 841, 16294.000000
8, 841, 16544.000000
8, 838, 16288.000000
8, 838, 17628.000000
8, 837, 18417.000000
8, 836, 16229.000000
8, 836, 16155.000000
8, 835, 16152.000000
8, 835, 16145.000000
8, 832, 16637.000000
8, 831, 16537.000000
8, 831, 16168.000000
8, 829, 16081.000000
8, 828, 16062.000000
8, 828, 16089.000000
8, 826, 16273.000000
8, 826, 16093.000000
8, 826, 16034.000000
8, 826, 16138.000000
8, 826, 16085.000000
8, 824, 16625.000000
8, 824, 16193.000000
8, 824, 16175.000000
8, 824, 15958.000000
8, 824, 16039.000000
8, 822, 16498.000000
8, 822, 17074.000000
8, 821, 15933.000000
8, 821, 16112.000000
8, 820, 16057.000000
8, 819, 16123.000000
8, 819, 16028.000000
8, 818, 15840.000000
8, 815, 15928.000000
8, 814, 16033.000000
8, 813, 15995.000000
8, 812, 15735.000000
8, 812, 15809.000000
8, 811, 16393.000000
8, 810, 16165.000000
8, 810, 15869.000000
8, 809, 15921.000000
8, 808, 15769.000000
8, 807, 15701.000000
8, 804, 15806.000000
8, 802, 15588.000000
8, 799, 15697.000000
8, 799, 15735.000000
8, 799, 15609.000000
8, 799, 15888.000000
8, 799, 15535.000000
8, 797, 17142.000000
8, 797, 15537.000000
8, 796, 17256.000000
8, 795, 21754.000000
8, 795, 16203.000000
8, 795, 15465.000000
8, 794, 15473.000000
8, 793, 15471.000000
8, 793, 15409.000000
8, 793, 15746.000000
8, 792, 16491.000000
8, 791, 15451.000000
8, 790, 15489.000000
8, 789, 15380.000000
8, 787, 15591.000000
8, 786, 16675.000000
8, 786, 16403.000000
8, 783, 15536.000000
8, 782, 15357.000000
8, 782, 15879.000000
8, 781, 15306.000000
8, 779, 16255.000000
8, 779, 15305.000000
8, 779, 15259.000000
8, 778, 15659.000000
8, 777, 15218.000000
8, 777, 15838.000000
8, 777, 15365.000000
8, 777, 15252.000000
8, 776, 15278.000000
8, 776, 15320.000000
8, 776, 15165.000000
8, 774, 15187.000000
8, 774, 15311.000000
8, 774, 15527.000000
8, 774, 15306.000000
8, 774, 15397.000000
8, 772, 15093.000000
8, 771, 15193.000000
8, 770, 15058.000000
8, 767, 15115.000000
8, 766, 14999.000000
8, 765, 16096.000000
8, 765, 15554.000000
8, 765, 15003.000000
8, 763, 14946.000000
8, 763, 15451.000000
8, 761, 15073.000000
8, 761, 15136.000000
8, 761, 16597.000000
8, 761, 15354.000000
8, 760, 15683.000000
8, 760, 14930.000000
8, 759, 15345.000000
8, 755, 15723.000000
8, 754, 15148.000000
8, 752, 14819.000000
8, 751, 14903.000000
8, 750, 15153.000000
8, 748, 15306.000000
8, 747, 15610.000000
8, 747, 15722.000000
8, 747, 14877.000000
8, 747, 15016.000000
8, 746, 15206.000000
8, 745, 14696.000000
8, 743, 15662.000000
8, 742, 14793.000000
8, 742, 14674.000000
8, 740, 15148.000000
8, 739, 14734.000000
8, 739, 14548.000000
8, 739, 14676.000000
8, 738, 14423.000000
8, 736, 14562.000000
8, 735, 14366.000000
8, 735, 14526.000000
8, 735, 15588.000000
8, 733, 14610.000000
8, 732, 15352.000000
8, 732, 15529.000000
8, 730, 14811.000000
8, 730, 14557.000000
8, 730, 14478.000000
8, 729, 14613.000000
8, 726, 15108.000000
8, 725, 14505.000000
8, 725, 14911.000000
8, 725, 15083.000000
8, 722, 14295.000000
8, 720, 14432.000000
8, 719, 14275.000000
8, 718, 14482.000000
8, 718, 14202.000000
8, 717, 15161.000000
8, 717, 15154.000000
8, 717, 14292.000000
8, 716, 14235.000000
8, 716, 14228.000000
8, 715, 15430.000000
8, 715, 14252.000000
8, 713, 14494.000000
8, 713, 14270.000000
8, 713, 14504.000000
8, 712, 14490.000000
8, 711, 14406.000000
8, 711, 14165.000000
8, 708, 14131.000000
8, 707, 14022.000000
8, 707, 14134.000000
8, 707, 14125.000000
8, 706, 14036.000000
8, 706, 14208.000000
8, 706, 14085.000000
8, 705, 15007.000000
8, 705, 14068.000000
8, 704, 14296.000000
8, 704, 14262.000000
8, 704, 14146.000000
8, 703, 14058.000000
8, 702, 14146.000000
8, 702, 14139.000000
8, 702, 14989.000000
8, 700, 14618.000000
8, 698, 13938.000000
8, 698, 14096.000000
8, 697, 14452.000000
8, 697, 13935.000000
8, 697, 14762.000000
8, 696, 13961.000000
8, 694, 18567.000000
8, 694, 17778.000000
8, 692, 15227.000000
8, 692, 15360.000000
8, 691, 13962.000000
8, 690, 13824.000000
8, 689, 13840.000000
8, 689, 13780.000000
8, 689, 13940.000000
8, 688, 13895.000000
8, 688, 13826.000000
8, 688, 13928.000000
8, 687, 14677.000000
8, 686, 13953.000000
8, 686, 13918.000000
8, 685, 13797.000000
8, 683, 13806.000000
8, 682, 13816.000000
8, 680, 13682.000000
8, 680, 14184.000000
8, 680, 13597.000000
8, 678, 13737.000000
8, 677, 13552.000000
8, 675, 13697.000000
8, 674, 14023.000000
8, 671, 13708.000000
8, 670, 15044.000000
8, 669, 13674.000000
8, 668, 14544.000000
8, 668, 13869.000000
8, 668, 13643.000000
8, 667, 13732.000000
8, 667, 13597.000000
8, 666, 13481.000000
8, 665, 13557.000000
8, 664, 13517.000000
8, 664, 14223.000000
8, 664, 13586.000000
8, 664, 13624.000000
8, 663, 13533.000000
8, 663, 13498.000000
8, 661, 13505.000000
8, 660, 13788.000000
8, 660, 13424.000000
8, 660, 13394.000000
8, 660, 13403.000000
8, 660, 13413.000000
8, 659, 14402.000000
8, 659, 13550.000000
8, 659, 13375.000000
8, 659, 13750.000000
8, 659, 13586.000000
8, 659, 14309.000000
8, 659, 13394.000000
8, 659, 14866.000000
8, 659, 14592.000000
8, 659, 13144.000000
8, 659, 16762.000000
8, 659, 14173.000000
8, 659, 14609.000000
8, 659, 13701.000000
8, 659, 13494.000000
8, 658, 13945.000000
8, 658, 13678.000000
8, 658, 18158.000000
8, 657, 14115.000000
8, 657, 15273.000000
8, 656, 14963.000000
8, 656, 13385.000000
8, 653, 20636.000000
8, 653, 14373.000000
8, 653, 13865.000000
8, 651, 13497.000000
8, 651, 13465.000000
8, 651, 13304.000000
8, 649, 13876.000000
8, 647, 14642.000000
8, 646, 14059.000000
8, 645, 13358.000000
8, 644, 13412.000000
8, 644, 13381.000000
8, 644, 13315.000000
8, 644, 13342.000000
8, 643, 13189.000000
8, 643, 14018.000000
8, 642, 13997.000000
8, 641, 13168.000000
8, 640, 13146.000000
8, 638, 13542.000000
8, 638, 13105.000000
8, 637, 13240.000000
8, 636, 13180.000000
8, 634, 13631.000000
8, 631, 13108.000000
8, 631, 13049.000000
8, 631, 13009.000000
8, 631, 13104.000000
8, 631, 13009.000000
8, 631, 13437.000000
8, 630, 13005.000000
8, 630, 12987.000000
8, 630, 13743.000000
8, 630, 12988.000000
8, 630, 13812.000000
8, 627, 13409.000000
8, 626, 13161.000000
8, 626, 13013.000000
8, 625, 13342.000000
8, 625, 14281.000000
8, 624, 13588.000000
8, 623, 12942.000000
8, 623, 18321.000000
8, 623, 13758.000000
8, 622, 18788.000000
8, 619, 13664.000000
8, 619, 15166.000000
8, 619, 15254.000000
8, 617, 13218.000000
8, 617, 13055.000000
8, 617, 13429.000000
8, 617, 13074.000000
8, 617, 12939.000000
8, 617, 14298.000000
8, 617, 14290.000000
8, 616, 13747.000000
8, 616, 12900.000000
8, 615, 13155.000000
8, 615, 12890.000000
8, 615, 13209.000000
8, 615, 13957.000000
8, 615, 12919.000000
8, 615, 13491.000000
8, 615, 13068.000000
8, 614, 13169.000000
8, 613, 13188.000000
8, 613, 13238.000000
8, 613, 13514.000000
8, 612, 12810.000000
8, 612, 13382.000000
8, 612, 12932.000000
8, 612, 13078.000000
8, 611, 13031.000000
8, 610, 12735.000000
8, 609, 12887.000000
8, 608, 12774.000000
8, 608, 12835.000000
8, 608, 12819.000000
8, 608, 12732.000000
8, 606, 12899.000000
8, 606, 12894.000000
8, 605, 13361.000000
8, 605, 13119.000000
8, 605, 13107.000000
8, 605, 12867.000000
8, 605, 12769.000000
8, 605, 12792.000000
8, 605, 12876.000000
8, 605, 12743.000000
8, 605, 13214.000000
8, 605, 13382.000000
8, 604, 13170.000000
8, 604, 12905.000000
8, 604, 12770.000000
8, 603, 13364.000000
8, 603, 13559.000000
8, 603, 13112.000000
8, 601, 13375.000000
8, 601, 13190.000000
8, 601, 13372.000000
8, 600, 12627.000000
8, 600, 12831.000000
8, 600, 12816.000000
8, 600, 12874.000000
8, 599, 12756.000000
8, 599, 12642.000000
8, 599, 12912.000000
8, 599, 13838.000000
8, 599, 12684.000000
8, 598, 12658.000000
8, 597, 12638.000000
8, 597, 12918.000000
8, 596, 12959.000000
8, 595, 13736.000000
8, 595, 13837.000000
8, 594, 12484.000000
8, 594, 13240.000000
8, 594, 12714.000000
8, 593, 17380.000000
8, 593, 13797.000000
8, 593, 12985.000000
8, 593, 12710.000000
8, 593, 12602.000000
8, 593, 12576.000000
8, 593, 12945.000000
8, 593, 13113.000000
8, 592, 13641.000000
8, 592, 12738.000000
8, 592, 12556.000000
8, 589, 12627.000000
8, 589, 18119.000000
8, 589, 13166.000000
8, 589, 17465.000000
8, 589, 21124.000000
8, 589, 15311.000000
8, 589, 16724.000000
8, 589, 14338.000000
8, 589, 13182.000000
8, 589, 13533.000000
8, 589, 12899.000000
8, 1204, 24996.000000
8, 1196, 28769.000000
8, 1181, 23803.000000
8, 1171, 24611.000000
8, 1158, 24445.000000
8, 1151, 23116.000000
8, 1141, 22583.000000
8, 1130, 22635.000000
8, 1122, 22672.000000
8, 1108, 22217.000000
8, 1101, 22306.000000
8, 1094, 21640.000000
8, 1090, 21661.000000
8, 1520, 33692.000000
8, 1507, 34778.000000
8, 1492, 35639.000000
8, 1481, 34105.000000
8, 1470, 31576.000000
8, 1459, 31734.000000
8, 1450, 32016.000000
8, 1443, 31431.000000
8, 1430, 30436.000000
8, 1413, 30211.000000
8, 1404, 33875.000000
8, 1394, 29815.000000
8, 1387, 30191.000000
8, 1382, 32213.000000
8, 1376, 29678.000000
8, 1366, 28418.000000
8, 1360, 30491.000000
8, 1349, 28162.000000
8, 1341, 27973.000000
8, 1335, 28559.000000
8, 1332, 29611.000000
8, 1323, 28057.000000
8, 1316, 27728.000000
8, 1306, 27217.000000
8, 2054, 57583.000000
8, 2024, 58250.000000
8, 2001, 50596.000000
8, 1975, 53355.000000
8, 1953, 50550.000000
8, 1926, 47784.000000
8, 1901, 48426.000000
8, 1885, 48510.000000
8, 2486, 78663.000000
8, 2455, 76739.000000
8, 2418, 74711.000000
8, 2383, 69338.000000
8, 3034, 108749.000000
8, 2975, 107727.000000
8, 2926, 97970.000000
8, 3554, 145316.000000
8, 3485, 137494.000000
8, 3425, 134021.000000
8, 3365, 132260.000000
8, 3310, 126267.000000
8, 3261, 131484.000000
8, 3223, 123183.000000
8, 3178, 124062.000000
8, 3136, 114061.000000
8, 3101, 124358.000000
8, 3050, 134723.000000
8, 3013, 112728.000000
8, 2969, 100811.000000
8, 2931, 104886.000000
8, 2898, 100678.000000
8, 2869, 103155.000000
8, 2833, 94568.000000
8, 2798, 92055.000000
8, 2775, 95657.000000
8, 2744, 94931.000000
8, 2718, 91816.000000
8, 2694, 88027.000000
8, 2669, 90612.000000
8, 2638, 84215.000000
8, 2620, 87111.000000
8, 2596, 80400.000000
8, 2576, 82873.000000
8, 2561, 79746.000000
8, 2544, 79657.000000
8, 2525, 79576.000000
8, 2515, 81637.000000
8, 2492, 75528.000000
8, 2474, 77123.000000
8, 2462, 76165.000000
8, 2446, 71564.000000
8, 2426, 71737.000000
8, 2413, 74252.000000
8, 2390, 70198.000000
8, 2370, 74775.000000
8, 2359, 71940.000000
8, 2348, 65783.000000
8, 2336, 73125.000000
8, 2323, 67333.000000
8, 2303, 65445.000000
8, 2287, 65619.000000
8, 2275, 63669.000000
8, 2264, 62574.000000
8, 2245, 65259.000000
8, 2236, 61718.000000
8, 2225, 61448.000000
8, 2215, 61908.000000
8, 2203, 66245.000000
8, 2188, 62513.000000
8, 2175, 58318.000000
8, 2161, 57744.000000
8, 2146, 59179.000000
8, 2132, 57950.000000
8, 2121, 60458.000000
8, 2112, 56326.000000
8, 2101, 59051.000000
8, 2091, 59805.000000
8, 2082, 54186.000000
8, 2069, 53567.000000
8, 2060, 56699.000000
8, 2051, 55463.000000
8, 2046, 57427.000000
8, 2040, 53655.000000
8, 2028, 56059.000000
8, 2021, 51330.000000
8, 2004, 56440.000000
8, 1994, 50506.000000
8, 1983, 51626.000000
8, 1974, 53698.000000
8, 1964, 51800.000000
8, 1958, 55590.000000
8, 1953, 48772.000000
8, 1944, 51418.000000
8, 1938, 48494.000000
8, 1925, 51916.000000
8, 1915, 51887.000000
8, 1912, 47735.000000
8, 1908, 49290.000000
8, 1900, 53775.000000
8, 1892, 46367.000000
8, 1882, 45811.000000
8, 1875, 46945.000000
8, 1871, 45281.000000
8, 1864, 47218.000000
8, 1859, 46925.000000
8, 1851, 52450.000000
8, 1846, 48789.000000
8, 1837, 44036.000000
8, 1832, 44098.000000
8, 1825, 48027.000000
8, 1816, 47835.000000
8, 1814, 43177.000000
8, 1811, 44833.000000
8, 1807, 42919.000000
8, 1799, 48327.000000
8, 1792, 43569.000000
8, 1790, 43145.000000
8, 1787, 44310.000000
8, 1782, 47603.000000
8, 1774, 41744.000000
8, 1769, 41442.000000
8, 1765, 41391.000000
8, 1762, 41188.000000
8, 1754, 43493.000000
8, 1748, 43032.000000
8, 1744, 41106.000000
8, 1741, 40921.000000
8, 1736, 47455.000000
8, 1731, 44113.000000
8, 1727, 40897.000000
8, 1722, 40568.000000
8, 1718, 39713.000000
8, 1712, 43787.000000
8, 1709, 39696.000000
8, 1706, 39252.000000
8, 1701, 39167.000000
8, 1696, 39590.000000
8, 1693, 38749.000000
8, 1691, 40779.000000
8, 1688, 41003.000000
8, 1682, 43543.000000
8, 1677, 44408.000000
8, 1676, 41899.000000
8, 1672, 40196.000000
8, 1665, 39306.000000
8, 1662, 37971.000000
8, 1658, 37997.000000
8, 1653, 37172.000000
8, 1649, 38480.000000
8, 1642, 38152.000000
8, 1635, 38078.000000
8, 1632, 37680.000000
8, 1628, 39101.000000
8, 1624, 41216.000000
8, 1620, 37518.000000
8, 1617, 37089.000000
8, 1613, 36480.000000
8, 1610, 36381.000000
8, 1606, 37263.000000
8, 1600, 36595.000000
8, 1597, 35476.000000
8, 1595, 35397.000000
8, 1593, 35294.000000
8, 1590, 35743.000000
8, 1582, 36839.000000
8, 1577, 38530.000000
8, 1573, 34790.000000
8, 1572, 35349.000000
8, 1567, 37319.000000
8, 1563, 34500.000000
8, 1556, 34296.000000
8, 1551, 34136.000000
8, 1545, 34427.000000
8, 1537, 35234.000000
8, 1535, 38935.000000
8, 1535, 38089.000000
8, 1531, 34458.000000
8, 1526, 34093.000000
8, 1522, 33833.000000
8, 1519, 32860.000000
8, 1515, 32965.000000
8, 1511, 32733.000000
8, 1510, 32734.000000
8, 1509, 32541.000000
8, 1504, 33603.000000
8, 1502, 33251.000000
8, 1500, 32472.000000
8, 1494, 33967.000000
8, 1492, 33115.000000
8, 1488, 32920.000000
8, 1485, 32940.000000
8, 1480, 32477.000000
8, 1478, 31660.000000
8, 1475, 31446.000000
8, 1472, 31552.000000
8, 1469, 31102.000000
8, 1466, 32437.000000
8, 1464, 31705.000000
8, 1462, 31916.000000
8, 1459, 35066.000000
8, 1457, 33159.000000
8, 1454, 31132.000000
8, 1450, 30843.000000
8, 1447, 31013.000000
8, 1443, 30786.000000
8, 1439, 33813.000000
8, 1435, 30911.000000
8, 1434, 31634.000000
8, 1433, 30618.000000
8, 1429, 31256.000000
8, 1427, 32481.000000
8, 1426, 30317.000000
8, 1425, 33768.000000
8, 1422, 30962.000000
8, 1419, 32243.000000
8, 1415, 29979.000000
8, 1415, 30111.000000
8, 1411, 30095.000000
8, 1406, 30078.000000
8, 1403, 29556.000000
8, 1399, 29604.000000
8, 1397, 29372.000000
8, 1395, 29098.000000
8, 1395, 30026.000000
8, 1393, 30793.000000
8, 1391, 30448.000000
8, 1387, 29272.000000
8, 1382, 30152.000000
8, 1377, 30739.000000
8, 1375, 28711.000000
8, 1371, 29132.000000
8, 1367, 28481.000000
8, 1365, 34329.000000
8, 1365, 30037.000000
8, 1363, 29043.000000
8, 1358, 29150.000000
8, 1357, 30309.000000
8, 1353, 30476.000000
8, 1350, 28433.000000
8, 1347, 27696.000000
8, 1346, 28436.000000
8, 1342, 28082.000000
8, 1341, 28059.000000
8, 1340, 27986.000000
8, 1335, 27929.000000
8, 1333, 27282.000000
8, 1331, 27302.000000
8, 1328, 27627.000000
8, 1327, 27770.000000
8, 1320, 27385.000000
8, 1317, 28291.000000
8, 1314, 27598.000000
8, 1313, 27472.000000
8, 1311, 27066.000000
8, 1311, 26841.000000
8, 1308, 27688.000000
8, 1303, 29243.000000
8, 1301, 28229.000000
8, 1300, 27155.000000
8, 1298, 27137.000000
8, 1298, 26486.000000
8, 1296, 26510.000000
8, 1291, 29649.000000
8, 1290, 26389.000000
8, 1289, 26401.000000
8, 1284, 26728.000000
8, 1283, 26366.000000
8, 1282, 26400.000000
8, 1280, 31933.000000
8, 1277, 28281.000000
8, 1276, 25928.000000
8, 1275, 26565.000000
8, 1274, 25802.000000
8, 1272, 27475.000000
8, 1270, 29102.000000
8, 1268, 26195.000000
8, 1267, 26022.000000
8, 1265, 25608.000000
8, 1261, 29181.000000
8, 1261, 25677.000000
8, 1259, 26476.000000
8, 1255, 26513.000000
8, 1254, 26204.000000
8, 1253, 25629.000000
8, 1251, 25241.000000
8, 1248, 24920.000000
8, 1245, 25194.000000
8, 1241, 25408.000000
8, 1237, 25063.000000
8, 1236, 25279.000000
8, 1233, 27504.000000
8, 1230, 24879.000000
8, 1228, 24865.000000
8, 1226, 24478.000000
8, 1225, 24869.000000
8, 1224, 24406.000000
8, 1221, 24883.000000
8, 1217, 24459.000000
8, 1216, 25677.000000
8, 1215, 27121.000000
8, 1212, 24817.000000
8, 1211, 24227.000000
8, 1210, 24493.000000
8, 1209, 24658.000000
8, 1207, 24941.000000
8, 1203, 24285.000000
8, 1201, 25357.000000
8, 1200, 24664.000000
8, 1200, 26545.000000
8, 1196, 23714.000000
8, 1194, 26542.000000
8, 1189, 23652.000000
8, 1188, 24066.000000
8, 1187, 24216.000000
8, 1187, 24498.000000
8, 1185, 25221.000000
8, 1184, 23645.000000
8, 1183, 26332.000000
8, 1179, 23306.000000
8, 1177, 25761.000000
8, 1177, 23603.000000
8, 1177, 24108.000000
8, 1176, 23350.000000
8, 1173, 23278.000000
8, 1172, 23498.000000
8, 1168, 23253.000000
8, 1164, 25347.000000
8, 1161, 25502.000000
8, 1158, 23109.000000
8, 1156, 23267.000000
8, 1154, 23745.000000
8, 1154, 25374.000000
8, 1152, 22889.000000
8, 1150, 22951.000000
8, 1147, 22599.000000
8, 1144, 22850.000000
8, 1142, 23304.000000
8, 1136, 22662.000000
8, 1136, 23177.000000
8, 1133, 23262.000000
8, 1127, 22476.000000
8, 1125, 22481.000000
8, 1124, 22232.000000
8, 1120, 22289.000000
8, 1120, 22077.000000
8, 1115, 22213.000000
8, 1112, 21797.000000
8, 1109, 23588.000000
8, 1108, 21747.000000
8, 1106, 22869.000000
8, 1104, 21649.000000
8, 1103, 21914.000000
8, 1100, 21543.000000
8, 1098, 21522.000000
8, 1098, 21666.000000
8, 1096, 22411.000000
8, 1092, 21579.000000
8, 1091, 21989.000000
8, 1089, 21479.000000
8, 1088, 21778.000000
8, 1083, 22652.000000
8, 1076, 21286.000000
8, 1072, 22596.000000
8, 1069, 20791.000000
8, 1068, 20771.000000
8, 1068, 20855.000000
8, 1064, 20928.000000
8, 1062, 20706.000000
8, 1060, 20760.000000
8, 1055, 20662.000000
8, 1050, 20957.000000
8, 1048, 20384.000000
8, 1047, 20622.000000
8, 1044, 22128.000000
8, 1040, 20583.000000
8, 1038, 20379.000000
8, 1036, 22386.000000
8, 1033, 20213.000000
8, 1029, 20164.000000
8, 1028, 20060.000000
8, 1025, 19944.000000
8, 1025, 19838.000000
8, 1022, 19831.000000
8, 1022, 20567.000000
8, 1022, 21178.000000
8, 1021, 19860.000000
8, 1018, 20814.000000
8, 1017, 19706.000000
8, 1017, 20215.000000
8, 1017, 19726.000000
8, 1016, 20750.000000
8, 1014, 19809.000000
8, 1011, 19714.000000
8, 1009, 19582.000000
8, 1006, 19535.000000
8, 1004, 19682.000000
8, 1000, 21167.000000
8, 999, 19564.000000
8, 994, 19996.000000
8, 992, 19435.000000
8, 992, 19217.000000
8, 992, 19871.000000
8, 990, 19275.000000
8, 988, 19169.000000
8, 987, 19462.000000
8, 987, 19135.000000
8, 985, 19569.000000
8, 984, 19302.000000
8, 983, 19060.000000
8, 979, 19154.000000
8, 977, 20238.000000
8, 976, 19034.000000
8, 972, 18768.000000
8, 969, 18889.000000
8, 965, 20661.000000
8, 964, 18594.000000
8, 963, 20291.000000
8, 962, 20461.000000
8, 957, 19114.000000
8, 954, 18605.000000
8, 951, 18613.000000
8, 951, 18409.000000
8, 948, 18464.000000
8, 947, 21285.000000
8, 947, 18239.000000
8, 946, 18210.000000
8, 946, 19796.000000
8, 942, 18111.000000
8, 941, 18226.000000
8, 941, 18402.000000
8, 939, 18068.000000
8, 938, 19601.000000
8, 935, 18015.000000
8, 935, 18465.000000
8, 934, 18658.000000
8, 934, 18193.000000
8, 933, 21048.000000
8, 932, 17908.000000
8, 930, 18256.000000
8, 928, 18096.000000
8, 928, 19287.000000
8, 928, 17981.000000
8, 926, 19029.000000
8, 926, 19000.000000
8, 925, 17866.000000
8, 923, 17765.000000
8, 923, 19426.000000
8, 920, 17949.000000
8, 919, 18432.000000
8, 919, 19067.000000
8, 917, 17763.000000
8, 915, 19059.000000
8, 914, 17708.000000
8, 911, 17637.000000
8, 911, 17820.000000
8, 909, 17562.000000
8, 909, 17519.000000
8, 908, 17458.000000
8, 907, 18523.000000
8, 906, 17738.000000
8, 906, 18148.000000
8, 906, 17550.000000
8, 904, 17407.000000
8, 904, 17700.000000
8, 904, 18943.000000
8, 903, 17365.000000
8, 903, 17404.000000
8, 902, 17547.000000
8, 901, 18762.000000
8, 900, 17373.000000
8, 900, 17595.000000
8, 900, 17474.000000
8, 900, 17776.000000
8, 900, 17434.000000
8, 899, 17414.000000
8, 899, 17632.000000
8, 899, 17400.000000
8, 899, 17342.000000
8, 899, 17519.000000
8, 898, 17429.000000
8, 896, 17285.000000
8, 895, 17496.000000
8, 894, 18719.000000
8, 894, 18971.000000
8, 893, 17409.000000
8, 892, 18447.000000
8, 890, 17868.000000
8, 890, 18284.000000
8, 887, 17110.000000
8, 887, 17167.000000
8, 886, 17246.000000
8, 885, 19612.000000
8, 885, 17172.000000
8, 884, 17003.000000
8, 882, 17024.000000
8, 882, 17034.000000
8, 881, 16960.000000
8, 881, 17126.000000
8, 881, 17686.000000
8, 881, 17047.000000
8, 881, 18069.000000
8, 881, 17219.000000
8, 879, 18294.000000
8, 877, 17207.000000
8, 875, 16879.000000
8, 871, 16818.000000
8, 869, 17183.000000
8, 867, 16736.000000
8, 867, 17107.000000
8, 866, 17593.000000
8, 865, 16748.000000
8, 863, 16756.000000
8, 862, 16593.000000
8, 862, 16855.000000
8, 862, 16666.000000
8, 861, 16593.000000
8, 861, 16597.000000
8, 861, 16665.000000
8, 860, 16581.000000
8, 859, 16579.000000
8, 858, 16643.000000
8, 857, 16816.000000
8, 856, 16561.000000
8, 855, 19029.000000
8, 855, 16550.000000
8, 854, 17398.000000
8, 854, 16483.000000
8, 851, 16476.000000
8, 850, 16445.000000
8, 849, 19022.000000
8, 848, 16480.000000
8, 847, 16638.000000
8, 846, 16673.000000
8, 845, 16371.000000
8, 845, 16443.000000
8, 842, 16370.000000
8, 842, 16918.000000
8, 842, 16497.000000
8, 840, 16270.000000
8, 839, 16353.000000
8, 837, 16268.000000
8, 835, 16515.000000
8, 835, 16332.000000
8, 835, 16362.000000
8, 835, 16824.000000
8, 834, 16442.000000
8, 833, 16529.000000
8, 833, 16209.000000
8, 833, 16211.000000
8, 832, 16138.000000
8, 832, 16106.000000
8, 830, 17216.000000
8, 830, 16253.000000
8, 830, 16031.000000
8, 830, 16288.000000
8, 828, 16054.000000
8, 828, 16017.000000
8, 827, 16023.000000
8, 827, 16588.000000
8, 827, 16178.000000
8, 827, 16199.000000
8, 824, 16002.000000
8, 823, 15954.000000
8, 823, 16093.000000
8, 823, 15966.000000
8, 822, 17590.000000
8, 820, 16134.000000
8, 819, 16002.000000
8, 818, 16245.000000
8, 818, 16453.000000
8, 818, 16306.000000
8, 818, 15921.000000
8, 817, 16328.000000
8, 816, 16881.000000
8, 815, 16412.000000
8, 814, 15927.000000
8, 814, 15913.000000
8, 814, 17389.000000
8, 813, 16022.000000
8, 812, 16802.000000
8, 812, 16405.000000
8, 812, 15549.000000
8, 811, 15864.000000
8, 811, 15947.000000
8, 811, 16313.000000
8, 809, 15787.000000
8, 808, 15692.000000
8, 808, 15677.000000
8, 807, 16353.000000
8, 807, 15839.000000
8, 807, 16913.000000
8, 807, 16086.000000
8, 805, 16429.000000
8, 804, 16666.000000
8, 802, 16203.000000
8, 802, 15811.000000
8, 802, 15803.000000
8, 800, 15577.000000
8, 799, 15535.000000
8, 799, 16373.000000
8, 799, 16361.000000
8, 797, 15796.000000
8, 796, 15576.000000
8, 796, 16118.000000
8, 795, 16126.000000
8, 793, 15411.000000
8, 792, 15438.000000
8, 790, 16633.000000
8, 789, 16449.000000
8, 788, 15390.000000
8, 788, 15691.000000
8, 788, 15558.000000
8, 788, 15474.000000
8, 788, 15498.000000
8, 786, 15398.000000
8, 783, 15766.000000
8, 781, 15323.000000
8, 780, 16209.000000
8, 777, 15502.000000
8, 777, 15171.000000
8, 775, 15131.000000
8, 774, 15134.000000
8, 773, 15067.000000
8, 772, 15091.000000
8, 772, 15106.000000
8, 772, 15308.000000
8, 771, 15096.000000
8, 771, 15823.000000
8, 771, 15085.000000
8, 771, 16194.000000
8, 771, 15152.000000
8, 771, 15725.000000
8, 770, 15210.000000
8, 769, 15058.000000
8, 769, 15191.000000
8, 768, 15052.000000
8, 767, 15822.000000
8, 764, 15033.000000
8, 763, 15131.000000
8, 762, 14884.000000
8, 761, 14977.000000
8, 760, 15668.000000
8, 759, 15033.000000
8, 759, 14688.000000
8, 757, 15019.000000
8, 757, 16020.000000
8, 756, 14989.000000
8, 755, 15270.000000
8, 755, 14791.000000
8, 754, 14890.000000
8, 753, 14804.000000
8, 752, 14767.000000
8, 751, 14878.000000
8, 749, 15012.000000
8, 748, 14772.000000
8, 746, 15784.000000
8, 745, 15776.000000
8, 744, 15106.000000
8, 743, 14669.000000
8, 740, 14692.000000
8, 740, 14762.000000
8, 738, 14553.000000
8, 734, 14784.000000
8, 732, 14616.000000
8, 732, 14443.000000
8, 731, 14639.000000
8, 729, 14414.000000
8, 725, 14545.000000
8, 724, 15495.000000
8, 723, 14459.000000
8, 722, 14631.000000
8, 721, 14255.000000
8, 720, 14298.000000
8, 719, 14422.000000
8, 716, 14404.000000
8, 716, 14322.000000
8, 716, 14230.000000
8, 716, 15341.000000
8, 713, 14182.000000
8, 713, 14315.000000
8, 710, 14135.000000
8, 708, 14184.000000
8, 708, 14785.000000
8, 708, 14136.000000
8, 707, 14264.000000
8, 706, 14101.000000
8, 705, 13989.000000
8, 705, 14181.000000
8, 705, 14052.000000
8, 705, 14026.000000
8, 705, 14041.000000
8, 705, 14071.000000
8, 703, 14447.000000
8, 703, 14232.000000
8, 702, 13974.000000
8, 701, 14331.000000
8, 699, 13987.000000
8, 699, 14462.000000
8, 699, 14804.000000
8, 696, 16791.000000
8, 694, 13995.000000
8, 693, 13851.000000
8, 690, 19309.000000
8, 689, 14683.000000
8, 689, 14108.000000
8, 689, 13815.000000
8, 688, 13845.000000
8, 688, 13895.000000
8, 686, 13787.000000
8, 686, 13774.000000
8, 685, 13983.000000
8, 684, 13822.000000
8, 681, 13776.000000
8, 681, 13836.000000
8, 681, 13772.000000
8, 681, 13710.000000
8, 681, 13750.000000
8, 681, 14208.000000
8, 681, 13675.000000
8, 681, 13729.000000
8, 681, 13828.000000
8, 681, 14653.000000
8, 678, 14444.000000
8, 677, 13684.000000
8, 675, 14100.000000
8, 675, 13739.000000
8, 675, 14222.000000
8, 675, 13813.000000
8, 675, 14131.000000
8, 675, 14073.000000
8, 675, 13822.000000
8, 675, 13671.000000
8, 675, 13756.000000
8, 675, 13613.000000
8, 674, 14119.000000
8, 673, 13651.000000
8, 672, 14333.000000
8, 672, 13688.000000
8, 671, 14249.000000
8, 670, 13699.000000
8, 670, 13672.000000
8, 669, 13511.000000
8, 667, 13552.000000
8, 667, 15006.000000
8, 665, 13670.000000
8, 665, 13492.000000
8, 665, 14647.000000
8, 665, 13498.000000
8, 665, 15229.000000
8, 665, 13722.000000
8, 663, 13585.000000
8, 663, 13447.000000
8, 663, 13477.000000
8, 663, 18225.000000
8, 663, 14194.000000
8, 663, 13614.000000
8, 663, 13880.000000
8, 663, 13547.000000
8, 663, 13579.000000
8, 662, 13495.000000
8, 660, 14912.000000
8, 659, 13500.000000
8, 659, 13261.000000
8, 657, 13355.000000
8, 656, 13424.000000
8, 656, 13553.000000
8, 655, 14900.000000
8, 655, 13334.000000
8, 654, 13498.000000
8, 652, 13347.000000
8, 652, 13322.000000
8, 652, 13689.000000
8, 651, 13284.000000
8, 651, 13832.000000
8, 651, 13995.000000
8, 651, 13255.000000
8, 651, 13292.000000
8, 651, 13261.000000
8, 651, 14008.000000
8, 649, 13462.000000
8, 648, 13290.000000
8, 648, 13528.000000
8, 648, 13438.000000
8, 647, 13242.000000
8, 646, 13818.000000
8, 645, 13592.000000
8, 645, 13334.000000
8, 645, 13408.000000
8, 644, 13951.000000
8, 644, 13875.000000
8, 643, 13167.000000
8, 642, 13183.000000
8, 642, 13133.000000
8, 642, 13756.000000
8, 641, 13317.000000
8, 641, 13442.000000
8, 640, 13092.000000
8, 639, 13109.000000
8, 639, 13104.000000
8, 639, 13232.000000
8, 639, 13316.000000
8, 639, 13566.000000
8, 639, 13090.000000
8, 639, 13699.000000
8, 638, 13171.000000
8, 637, 14484.000000
8, 636, 13298.000000
8, 636, 13108.000000
8, 635, 13022.000000
8, 635, 13141.000000
8, 635, 13077.000000
8, 634, 14126.000000
8, 634, 13085.000000
8, 634, 13075.000000
8, 634, 13039.000000
8, 634, 13446.000000
8, 634, 13053.000000
8, 634, 13516.000000
8, 634, 13160.000000
8, 634, 13069.000000
8, 633, 13155.000000
8, 633, 13050.000000
8, 632, 13584.000000
8, 630, 13660.000000
8, 630, 12834.000000
8, 629, 12986.000000
8, 629, 12929.000000
8, 629, 14417.000000
8, 629, 13017.000000
8, 629, 12738.000000
8, 629, 14403.000000
8, 629, 12919.000000
8, 629, 12778.000000
8, 628, 12986.000000
8, 628, 13121.000000
8, 627, 13411.000000
8, 626, 12914.000000
8, 626, 13027.000000
8, 626, 12981.000000
8, 626, 12957.000000
8, 626, 13157.000000
8, 625, 12997.000000
8, 623, 12920.000000
8, 623, 14146.000000
8, 621, 12913.000000
8, 621, 12983.000000
8, 621, 12961.000000
8, 620, 12866.000000
8, 619, 13064.000000
8, 617, 12884.000000
8, 615, 12793.000000
8, 615, 13452.000000
8, 612, 13578.000000
8, 612, 12968.000000
8, 612, 13015.000000
8, 612, 14023.000000
8, 612, 12891.000000
8, 611, 13422.000000
8, 610, 12988.000000
8, 610, 12815.000000
8, 610, 12924.000000
8, 610, 12821.000000
8, 610, 12730.000000
8, 610, 13033.000000
8, 608, 12763.000000
8, 608, 12848.000000
8, 608, 15711.000000
8, 607, 13168.000000
8, 607, 12696.000000
8, 606, 12826.000000
8, 606, 12986.000000
8, 606, 12979.000000
8, 606, 12680.000000
8, 606, 13019.000000
8, 606, 12926.000000
8, 606, 12896.000000
8, 604, 13428.000000
8, 604, 12762.000000
8, 603, 12619.000000
8, 603, 13306.000000
8, 603, 13322.000000
8, 603, 12783.000000
8, 603, 12650.000000
8, 603, 12708.000000
8, 603, 12794.000000
8, 603, 12627.000000
8, 603, 12943.000000
8, 603, 12669.000000
8, 603, 12774.000000
8, 603, 13883.000000
8, 603, 12715.000000
8, 601, 12666.000000
8, 601, 12664.000000
8, 599, 15264.000000
8, 599, 13870.000000
8, 599, 12589.000000
8, 599, 13272.000000
8, 599, 12737.000000
8, 599, 13923.000000
8, 599, 12599.000000
8, 599, 12599.000000
8, 599, 12607.000000
8, 599, 12734.000000
8, 599, 12735.000000
8, 597, 12915.000000
8, 597, 12566.000000
8, 597, 12578.000000
8, 597, 12665.000000
8, 596, 12847.000000
8, 595, 18634.000000
8, 594, 16679.000000
8, 593, 15248.000000
8, 593, 15498.000000
8, 593, 22897.000000
8, 592, 21928.000000
8, 592, 15443.000000
8, 592, 13543.000000
8, 592, 13708.000000
8, 591, 12609.000000
8, 591, 12475.000000
8, 591, 12711.000000
8, 591, 12652.000000
8, 591, 12558.000000
8, 591, 12519.000000
8, 591, 12491.000000
8, 591, 12879.000000
8, 590, 12529.000000
8, 590, 12804.000000
8, 589, 17919.000000
8, 589, 13170.000000
8, 588, 14362.000000
8, 588, 12718.000000
8, 588, 12632.000000
8, 588, 12497.000000
8, 588, 12517.000000
8, 588, 12639.000000
8, 588, 12571.000000
8, 588, 12544.000000
8, 588, 12478.000000
8, 588, 12547.000000
8, 587, 12764.000000
8, 586, 12665.000000
8, 586, 12604.000000
8, 586, 12594.000000
8, 586, 12417.000000
8, 586, 12526.000000
8, 586, 12388.000000
8, 586, 12403.000000
8, 586, 12730.000000
8, 585, 12490.000000
8, 584, 13391.000000
8, 584, 12978.000000
8, 584, 12368.000000
8, 584, 12407.000000
8, 584, 12430.000000
8, 584, 12614.000000
8, 584, 12683.000000
8, 584, 12602.000000
8, 584, 12665.000000
8, 584, 12527.000000
8, 584, 12870.000000
8, 584, 17888.000000
8, 584, 13126.000000
8, 583, 16961.000000
8, 583, 13056.000000
8, 583, 12238.000000
8, 582, 13001.000000
8, 582, 12358.000000
8, 582, 12231.000000
8, 581, 12504.000000
8, 581, 18436.000000
8, 581, 17476.000000
8, 581, 15074.000000
8, 581, 15430.000000
8, 581, 15248.000000
8, 581, 13822.000000
8, 581, 12561.000000
8, 581, 12777.000000
8, 581, 12554.000000
8, 581, 12520.000000
8, 580, 12267.000000
8, 580, 12351.000000
8, 580, 12999.000000
8, 580, 13688.000000
8, 580, 12873.000000
8, 580, 12365.000000
8, 580, 12613.000000
8, 580, 12657.000000
8, 580, 12971.000000
8, 580, 12339.000000
8, 580, 12468.000000
8, 580, 12358.000000
8, 580, 13158.000000
8, 580, 12657.000000
8, 580, 12633.000000
8, 580, 17869.000000
8, 580, 17211.000000
8, 580, 12792.000000
8, 580, 14660.000000
8, 580, 21960.000000
8, 580, 22205.000000
8, 580, 14223.000000
8, 580, 16848.000000
8, 579, 13326.000000
8, 579, 12374.000000
8, 579, 12339.000000
8, 579, 12355.000000
8, 579, 18718.000000
8, 579, 16602.000000
8, 579, 13624.000000
8, 578, 18696.000000
8, 578, 13663.000000
8, 578, 12788.000000
8, 578, 13149.000000
8, 578, 12368.000000
8, 578, 12665.000000
8, 578, 12336.000000
8, 578, 12355.000000
8, 578, 12325.000000
8, 578, 12531.000000
8, 577, 12535.000000
8, 577, 12390.000000
8, 577, 12459.000000
8, 577, 12592.000000
8, 576, 12400.000000
8, 576, 12555.000000
8, 575, 12318.000000
8, 575, 12314.000000
8, 575, 13140.000000
8, 575, 12324.000000
8, 575, 12293.000000
8, 575, 17785.000000
8, 574, 18770.000000
8, 574, 12953.000000
8, 574, 12575.000000
8, 573, 12789.000000
8, 573, 12298.000000
8, 573, 12315.000000
8, 572, 12417.000000
8, 571, 17929.000000
8, 571, 18191.000000
8, 571, 15231.000000
8, 571, 22034.000000
8, 571, 14460.000000
8, 571, 13329.000000
8, 571, 21210.000000
8, 571, 13434.000000
8, 570, 19603.000000
8, 570, 16906.000000
8, 570, 15797.000000
8, 570, 14036.000000
8, 570, 14230.000000
8, 570, 13522.000000
8, 570, 12536.000000
8, 570, 12555.000000
8, 570, 12425.000000
8, 570, 12285.000000
8, 569, 12254.000000
8, 569, 12288.000000
8, 569, 18224.000000
8, 568, 17156.000000
8, 568, 18820.000000
8, 568, 17928.000000
8, 568, 22244.000000
8, 568, 13476.000000
8, 568, 13402.000000
8, 568, 13787.000000
8, 568, 13106.000000
8, 567, 12193.000000
8, 567, 12600.000000
8, 567, 12220.000000
8, 567, 12242.000000
8, 567, 12303.000000
8, 567, 12467.000000
8, 567, 12175.000000
8, 567, 12357.000000
8, 567, 12208.000000
8, 567, 12208.000000
8, 566, 12244.000000
8, 566, 12228.000000
8, 566, 12654.000000
8, 566, 17698.000000
8, 566, 13047.000000
8, 566, 21800.000000
8, 566, 23116.000000
8, 565, 19546.000000
8, 565, 17433.000000
8, 564, 16807.000000
8, 564, 15576.000000
8, 564, 15482.000000
8, 564, 16353.000000
8, 564, 14722.000000
8, 564, 13954.000000
8, 564, 13828.000000
8, 563, 12939.000000
8, 563, 13436.000000
8, 563, 12453.000000
8, 563, 12248.000000
8, 563, 12216.000000
8, 563, 12676.000000
8, 563, 20277.000000
8, 563, 13291.000000
8, 563, 15407.000000
8, 563, 12539.000000
8, 563, 12534.000000
8, 563, 12285.000000
8, 563, 12606.000000
8, 563, 12196.000000
8, 563, 12380.000000
8, 563, 12178.000000
8, 563, 12337.000000
8, 563, 12208.000000
8, 563, 12105.000000
8, 562, 12133.000000
8, 562, 12819.000000
8, 562, 12177.000000
8, 562, 12136.000000
8, 562, 12182.000000
8, 562, 12173.000000
8, 562, 12793.000000
8, 562, 12180.000000
8, 562, 12424.000000
8, 562, 12167.000000
8, 562, 12137.000000
8, 561, 18721.000000
8, 561, 14080.000000
8, 561, 14768.000000
8, 561, 13487.000000
8, 561, 12838.000000
8, 561, 13371.000000
8, 561, 12478.000000
8, 561, 12429.000000
8, 560, 12162.000000
8, 560, 17980.000000
8, 560, 17482.000000
8, 560, 17784.000000
8, 560, 16592.000000
8, 560, 14555.000000
8, 560, 14802.000000
8, 560, 14758.000000
8, 560, 13977.000000
8, 560, 13619.000000
8, 560, 13780.000000
8, 560, 13071.000000
8, 560, 12770.000000
8, 560, 12386.000000
8, 560, 12636.000000
8, 559, 12521.000000
8, 559, 12993.000000
8, 559, 12204.000000
8, 559, 16748.000000
8, 559, 12854.000000
8, 558, 14207.000000
8, 558, 12836.000000
8, 558, 12192.000000
8, 558, 12452.000000
8, 558, 12769.000000
8, 558, 12664.000000
8, 558, 12728.000000
8, 558, 12115.000000
8, 558, 12205.000000
8, 558, 12202.000000
8, 558, 13036.000000
8, 557, 19512.000000
8, 557, 16500.000000
8, 557, 17567.000000
8, 557, 12358.000000
8, 557, 12968.000000
8, 557, 16958.000000
8, 557, 18756.000000
8, 557, 14081.000000
8, 557, 14707.000000
8, 556, 13427.000000
8, 555, 12491.000000
8, 555, 12133.000000
8, 555, 12090.000000
8, 555, 12548.000000
8, 555, 12209.000000
8, 555, 12298.000000
8, 555, 21843.000000
8, 555, 17688.000000
8, 555, 18634.000000
8, 554, 23508.000000
8, 554, 20391.000000
8, 554, 24130.000000
8, 554, 21538.000000
8, 554, 17169.000000
8, 553, 15985.000000
8, 553, 15466.000000
8, 553, 14670.000000
8, 553, 14458.000000
8, 553, 15012.000000
8, 553, 13615.000000
8, 553, 13424.000000
8, 553, 13152.000000
8, 552, 12657.000000
8, 552, 12192.000000
8, 552, 12167.000000
8, 552, 12045.000000
8, 552, 12151.000000
8, 552, 12035.000000
8, 552, 12016.000000
8, 552, 12138.000000
8, 552, 12076.000000
8, 552, 12029.000000
8, 552, 12109.000000
8, 552, 12026.000000
8, 552, 12060.000000
8, 552, 12118.000000
8, 552, 12440.000000
8, 552, 12708.000000
8, 552, 12022.000000
8, 552, 17660.000000
8, 552, 17641.000000
8, 552, 12925.000000
8, 552, 14348.000000
8, 552, 14141.000000
8, 552, 19628.000000
8, 552, 13438.000000
8, 552, 12342.000000
8, 552, 12582.000000
8, 552, 12166.000000
8, 552, 12063.000000
8, 552, 12568.000000
8, 552, 19196.000000
8, 552, 13746.000000
8, 552, 20759.000000
8, 552, 15379.000000
8, 552, 14737.000000
8, 552, 12577.000000
8, 552, 13066.000000
8, 552, 12429.000000
8, 552, 12603.000000
8, 552, 12399.000000
8, 552, 12061.000000
8, 552, 12113.000000
8, 552, 12161.000000
8, 552, 12162.000000
8, 552, 12037.000000
8, 551, 19079.000000
8, 551, 16962.000000
8, 551, 20841.000000
8, 551, 17819.000000
8, 551, 13390.000000
8, 551, 12738.000000
8, 551, 12078.000000
8, 551, 12564.000000
8, 550, 18572.000000
8, 550, 12521.000000
8, 550, 12005.000000
8, 550, 12063.000000
8, 550, 12070.000000
8, 550, 12048.000000
8, 550, 21976.000000
8, 550, 19073.000000
8, 550, 18427.000000
8, 550, 17545.000000
8, 550, 16565.000000
8, 550, 16520.000000
8, 550, 15256.000000
8, 549, 14729.000000
8, 549, 13817.000000
8, 549, 13486.000000
8, 549, 13139.000000
8, 549, 12735.000000
8, 549, 12464.000000
8, 549, 12245.000000
8, 549, 12309.000000
8, 548, 12564.000000
8, 548, 11949.000000
8, 548, 11949.000000
8, 548, 12140.000000
8, 548, 11986.000000
8, 548, 11986.000000
8, 547, 12344.000000
8, 547, 12224.000000
8, 546, 21811.000000
8, 546, 22554.000000
8, 546, 20329.000000
8, 546, 19364.000000
8, 546, 18009.000000
8, 546, 17599.000000
8, 546, 16506.000000
8, 546, 15902.000000
8, 546, 15469.000000
8, 546, 14852.000000
8, 546, 14827.000000
8, 546, 14306.000000
8, 546, 14131.000000
8, 545, 13468.000000
8, 545, 14179.000000
8, 545, 11923.000000
8, 545, 12257.000000
8, 545, 11987.000000
8, 545, 12330.000000
8, 545, 12033.000000
8, 545, 12019.000000
8, 545, 13181.000000
8, 545, 12893.000000
8, 545, 12387.000000
8, 545, 17460.000000
8, 544, 18929.000000
8, 544, 14658.000000
8, 544, 14287.000000
8, 544, 21316.000000
8, 544, 12843.000000
8, 544, 15438.000000
8, 544, 18741.000000
8, 544, 13991.000000
8, 544, 15066.000000
8, 544, 14335.000000
8, 544, 12705.000000
8, 544, 13143.000000
8, 544, 12868.000000
8, 544, 11966.000000
8, 544, 11958.000000
8, 544, 12363.000000
8, 543, 18072.000000
8, 543, 19043.000000
8, 543, 16300.000000
8, 543, 15324.000000
8, 543, 15146.000000
8, 543, 14303.000000
8, 543, 13807.000000
8, 543, 13313.000000
8, 543, 13072.000000
8, 543, 13394.000000
8, 543, 12856.000000
8, 543, 12581.000000
8, 543, 11997.000000
8, 543, 11915.000000
8, 543, 11894.000000
8, 543, 12386.000000
8, 542, 11885.000000
8, 542, 12186.000000
8, 542, 12625.000000
8, 542, 11888.000000
8, 541, 11921.000000
8, 541, 12281.000000
8, 541, 11897.000000
8, 541, 12177.000000
8, 541, 11942.000000
8, 541, 11942.000000
8, 541, 12520.000000
8, 541, 11862.000000
8, 541, 11939.000000
8, 541, 16631.000000
8, 541, 18230.000000
8, 540, 18644.000000
8, 540, 14164.000000
8, 540, 13561.000000
8, 540, 13115.000000
8, 540, 12975.000000
8, 540, 12202.000000
8, 540, 12087.000000
8, 540, 12461.000000
8, 539, 11952.000000
8, 539, 11961.000000
8, 539, 11883.000000
8, 539, 11855.000000
8, 539, 11891.000000
8, 539, 17629.000000
8, 539, 12823.000000
8, 539, 12350.000000
8, 539, 11825.000000
8, 539, 12107.000000
8, 539, 11866.000000
8, 539, 11876.000000
8, 539, 12053.000000
8, 539, 11904.000000
8, 539, 12016.000000
8, 539, 11933.000000
8, 539, 11865.000000
8, 538, 11996.000000
8, 538, 11836.000000
8, 538, 11824.000000
8, 538, 12349.000000
8, 537, 11910.000000
8, 537, 12215.000000
8, 537, 11874.000000
8, 537, 11950.000000
8, 537, 11904.000000
8, 537, 11887.000000
8, 537, 11856.000000
8, 537, 11875.000000
8, 537, 11859.000000
8, 537, 11823.000000
8, 536, 11860.000000
8, 536, 17349.000000
8, 536, 12951.000000
8, 536, 12437.000000
8, 536, 11748.000000
8, 536, 11808.000000
8, 536, 11808.000000
8, 536, 12398.000000
8, 536, 11833.000000
8, 536, 11861.000000
8, 536, 11967.000000
8, 535, 11982.000000
8, 535, 12037.000000
8, 535, 11942.000000
8, 535, 11896.000000
8, 535, 11816.000000
8, 535, 11863.000000
8, 534, 11876.000000
8, 534, 12029.000000
8, 534, 11830.000000
8, 534, 12179.000000
8, 534, 11807.000000
8, 534, 11772.000000
8, 533, 12621.000000
8, 533, 11485.000000
8, 533, 12704.000000
8, 533, 12755.000000
8, 533, 11774.000000
8, 533, 11836.000000
8, 533, 11898.000000
8, 533, 12756.000000
8, 533, 11902.000000
8, 533, 11799.000000
8, 533, 17182.000000
8, 533, 17923.000000
8, 533, 14691.000000
8, 533, 13692.000000
8, 533, 14716.000000
8, 533, 13614.000000
8, 533, 11925.000000
8, 533, 12020.000000
8, 533, 11847.000000
8, 533, 16796.000000
8, 533, 15089.000000
8, 533, 13860.000000
8, 533, 20675.000000
8, 533, 13833.000000
8, 533, 15443.000000
8, 533, 13207.000000
8, 533, 13137.000000
8, 533, 18618.000000
8, 533, 13054.000000
8, 533, 17966.000000
8, 533, 18408.000000
8, 533, 22125.000000
8, 533, 19785.000000
8, 532, 16049.000000
8, 532, 15095.000000
8, 531, 21304.000000
8, 531, 14717.000000
8, 531, 17070.000000
8, 531, 14114.000000
8, 531, 20081.000000
8, 531, 14076.000000
8, 531, 13204.000000
8, 531, 21038.000000
8, 531, 13927.000000
8, 531, 12795.000000
8, 531, 12997.000000
8, 531, 12207.000000
8, 531, 11747.000000
8, 531, 11740.000000
8, 531, 11788.000000
8, 531, 12617.000000
8, 531, 11904.000000
8, 531, 12251.000000
8, 531, 11878.000000
8, 531, 11755.000000
8, 531, 11838.000000
8, 531, 12356.000000
8, 531, 11750.000000
8, 531, 11790.000000
8, 531, 11807.000000
8, 530, 11790.000000
8, 530, 11753.000000
8, 530, 11868.000000
8, 530, 12812.000000
8, 530, 11844.000000
8, 530, 11879.000000
8, 530, 12817.000000
8, 530, 12687.000000
8, 530, 11905.000000
8, 530, 11874.000000
8, 530, 12238.000000
8, 530, 12350.000000
8, 530, 12036.000000
8, 530, 11764.000000
8, 530, 11791.000000
8, 530, 11763.000000
8, 530, 12091.000000
8, 530, 12148.000000
8, 530, 11877.000000
8, 530, 11857.000000
8, 530, 11802.000000
8, 530, 11766.000000
8, 530, 11865.000000
8, 530, 11871.000000
8, 530, 11788.000000
8, 530, 11932.000000
8, 530, 11800.000000
8, 530, 12007.000000
8, 530, 11811.000000
8, 530, 11789.000000
8, 530, 11797.000000
8, 530, 11783.000000
8, 529, 11783.000000
8, 529, 12270.000000
8, 529, 12320.000000
8, 529, 11825.000000
8, 529, 11815.000000
8, 529, 11991.000000
8, 529, 12193.000000
8, 529, 11697.000000
8, 529, 11776.000000
8, 529, 11773.000000
8, 529, 11594.000000
8, 529, 11883.000000
8, 529, 11913.000000
8, 529, 11993.000000
8, 529, 18526.000000
8, 529, 12153.000000
8, 529, 11940.000000
8, 529, 11902.000000
8, 529, 12325.000000
8, 529, 11961.000000
8, 529, 12086.000000
8, 529, 11893.000000
8, 529, 11987.000000
8, 529, 11775.000000
8, 529, 12126.000000
8, 529, 11758.000000
8, 529, 11800.000000
8, 529, 11781.000000
8, 529, 11755.000000
8, 529, 11748.000000
8, 528, 11737.000000
8, 527, 11795.000000
8, 527, 11817.000000
8, 527, 12026.000000
8, 527, 17097.000000
8, 526, 18918.000000
8, 526, 12377.000000
8, 526, 14255.000000
8, 526, 14596.000000
8, 526, 11906.000000
8, 526, 12535.000000
8, 526, 12116.000000
8, 526, 12277.000000
8, 526, 11743.000000
8, 525, 12243.000000
8, 525, 12397.000000
8, 525, 11668.000000
8, 525, 12177.000000
8, 525, 11700.000000
8, 525, 12632.000000
8, 525, 11825.000000
8, 525, 12087.000000
8, 525, 11826.000000
8, 525, 16147.000000
8, 525, 12908.000000
8, 525, 11926.000000
8, 525, 13764.000000
8, 525, 12350.000000
8, 525, 12414.000000
8, 525, 11933.000000
8, 525, 11702.000000
8, 525, 11807.000000
8, 525, 11770.000000
8, 525, 12121.000000
8, 525, 11943.000000
8, 525, 12084.000000
8, 525, 11817.000000
8, 525, 11825.000000
8, 525, 11804.000000
8, 525, 12141.000000
8, 525, 11755.000000
8, 525, 12192.000000
8, 525, 11780.000000
8, 525, 11851.000000
8, 525, 11994.000000
8, 525, 11836.000000
8, 525, 11866.000000
8, 525, 11777.000000
8, 525, 11851.000000
8, 525, 11709.000000
8, 525, 11731.000000
8, 525, 17058.000000
8, 525, 17147.000000
8, 524, 15981.000000
8, 524, 12479.000000
8, 524, 12510.000000
8, 524, 11864.000000
8, 524, 12287.000000
8, 524, 21988.000000
8, 524, 18931.000000
8, 524, 16512.000000
8, 524, 12367.000000
8, 524, 12104.000000
8, 524, 11932.000000
8, 524, 11691.000000
8, 524, 12250.000000
8, 524, 11751.000000
8, 524, 11699.000000
8, 523, 12648.000000
8, 523, 11678.000000
8, 523, 11814.000000
8, 522, 11702.000000
8, 522, 11789.000000
8, 522, 11691.000000
8, 521, 13263.000000
8, 521, 17807.000000
8, 520, 14078.000000
8, 520, 17675.000000
8, 520, 17151.000000
8, 520, 21882.000000
8, 520, 20992.000000
8, 520, 17296.000000
8, 520, 15565.000000
8, 520, 15015.000000
8, 520, 14363.000000
8, 520, 22105.000000
8, 520, 15157.000000
8, 520, 14647.000000
8, 520, 12654.000000
8, 520, 12537.000000
8, 520, 12806.000000
8, 520, 11868.000000
8, 520, 12074.000000
8, 520, 11775.000000
8, 520, 17334.000000
8, 520, 15649.000000
8, 520, 11951.000000
8, 520, 11583.000000
8, 520, 11517.000000
8, 520, 20879.000000
8, 520, 19396.000000
8, 520, 17690.000000
8, 520, 16386.000000
8, 520, 15416.000000
8, 520, 14887.000000
8, 520, 14130.000000
8, 520, 13925.000000
8, 520, 13003.000000
8, 520, 12882.000000
8, 520, 12003.000000
8, 520, 11956.000000
8, 520, 12326.000000
8, 520, 11719.000000
8, 520, 11785.000000
8, 520, 11780.000000
8, 520, 11873.000000
8, 520, 11794.000000
8, 519, 11655.000000
8, 519, 11807.000000
8, 519, 12201.000000
8, 519, 11662.000000
8, 519, 11712.000000
8, 519, 11694.000000
8, 519, 11653.000000
8, 519, 11698.000000
8, 519, 18381.000000
8, 519, 15810.000000
8, 519, 14867.000000
8, 519, 12300.000000
8, 519, 12061.000000
8, 519, 11638.000000
8, 519, 11588.000000
8, 519, 11629.000000
8, 519, 12900.000000
8, 519, 17801.000000
8, 519, 14261.000000
8, 519, 12514.000000
8, 519, 12592.000000
8, 519, 11879.000000
8, 519, 12423.000000
8, 519, 12709.000000
8, 519, 11712.000000
8, 519, 11968.000000
8, 519, 11891.000000
8, 519, 11629.000000
8, 519, 12273.000000
8, 519, 11749.000000
8, 519, 11596.000000
8, 519, 11713.000000
8, 519, 12025.000000
8, 519, 11675.000000
8, 519, 11707.000000
8, 519, 11794.000000
8, 519, 11760.000000
8, 519, 12161.000000
8, 519, 17847.000000
8, 519, 18693.000000
8, 519, 14973.000000
8, 519, 11977.000000
8, 519, 11723.000000
8, 519, 11686.000000
8, 519, 11675.000000
8, 519, 20796.000000
8, 519, 18943.000000
8, 519, 21335.000000
8, 519, 20551.000000
8, 519, 13425.000000
8, 519, 13005.000000
8, 519, 12826.000000
8, 519, 11982.000000
8, 519, 21144.000000
8, 519, 20555.000000
8, 519, 12581.000000
8, 519, 12302.000000
8, 519, 12249.000000
8, 519, 11713.000000
8, 519, 11660.000000
8, 519, 11746.000000
8, 519, 11767.000000
8, 519, 11732.000000
8, 519, 11849.000000
8, 519, 12166.000000
8, 519, 12053.000000
8, 518, 12136.000000
8, 518, 11675.000000
8, 518, 11754.000000
8, 518, 11823.000000
8, 518, 11789.000000
8, 518, 11706.000000
8, 518, 11782.000000
8, 518, 17067.000000
8, 518, 12765.000000
8, 518, 11960.000000
8, 518, 11704.000000
8, 518, 11801.000000
8, 518, 11618.000000
8, 518, 11996.000000
8, 517, 12297.000000
8, 517, 11731.000000
8, 517, 11655.000000
8, 517, 11648.000000
8, 517, 11756.000000
8, 517, 12721.000000
8, 517, 17017.000000
8, 516, 12214.000000
8, 516, 11986.000000
8, 516, 11771.000000
8, 516, 11707.000000
8, 516, 11683.000000
8, 516, 11718.000000
8, 516, 11694.000000
8, 516, 11691.000000
8, 516, 11719.000000
8, 516, 11730.000000
8, 516, 12519.000000
8, 516, 18273.000000
8, 516, 17137.000000
8, 516, 17490.000000
8, 516, 21574.000000
8, 516, 15507.000000
8, 516, 21024.000000
8, 516, 17687.000000
8, 516, 16831.000000
8, 516, 14448.000000
8, 516, 17710.000000
8, 516, 12783.000000
8, 516, 12661.000000
8, 516, 11997.000000
8, 516, 12127.000000
8, 516, 17360.000000
8, 516, 18277.000000
8, 516, 12782.000000
8, 516, 21195.000000
8, 516, 20616.000000
8, 516, 17509.000000
8, 516, 16779.000000
8, 516, 15477.000000
8, 515, 14889.000000
8, 515, 21323.000000
8, 515, 15175.000000
8, 515, 14402.000000
8, 515, 13031.000000
8, 515, 13649.000000
8, 515, 12081.000000
8, 515, 21106.000000
8, 515, 22838.000000
8, 515, 17891.000000
8, 515, 16544.000000
8, 515, 16480.000000
8, 515, 15592.000000
8, 515, 21718.000000
8, 515, 19733.000000
8, 515, 14037.000000
8, 515, 15312.000000
8, 515, 13189.000000
8, 515, 13763.000000
8, 515, 12654.000000
8, 515, 12153.000000
8, 515, 12103.000000
8, 515, 11718.000000
8, 515, 12524.000000
8, 515, 11652.000000
8, 515, 11596.000000
8, 515, 11742.000000
8, 515, 11721.000000
8, 515, 11576.000000
8, 515, 11604.000000
8, 515, 11573.000000
8, 514, 17019.000000
8, 513, 17813.000000
8, 513, 12300.000000
8, 513, 14422.000000
8, 513, 11766.000000
8, 513, 11691.000000
8, 513, 12120.000000
8, 513, 11845.000000
8, 513, 11902.000000
8, 513, 11946.000000
8, 513, 11748.000000
8, 513, 11643.000000
8, 513, 17176.000000
8, 513, 16530.000000
8, 513, 12209.000000
8, 512, 14069.000000
8, 512, 11876.000000
8, 512, 11807.000000
8, 512, 12492.000000
8, 512, 18517.000000
8, 512, 19183.000000
8, 512, 19059.000000
8, 512, 17272.000000
8, 512, 14809.000000
8, 512, 13827.000000
8, 512, 13483.000000
8, 512, 13686.000000
8, 512, 13344.000000
8, 512, 13269.000000
8, 512, 12619.000000
8, 512, 12212.000000
8, 512, 11808.000000
8, 512, 12173.000000
8, 512, 11525.000000
8, 512, 12133.000000
8, 512, 11754.000000
8, 512, 11653.000000
8, 512, 11629.000000
8, 512, 11660.000000
8, 512, 11738.000000
8, 512, 15135.000000
8, 512, 12423.000000
8, 512, 13414.000000
8, 511, 18087.000000
8, 511, 20199.000000
8, 511, 17996.000000
8, 511, 15708.000000
8, 511, 14864.000000
8, 510, 14408.000000
8, 510, 14180.000000
8, 510, 13063.000000
8, 510, 12424.000000
8, 510, 12382.000000
8, 510, 11559.000000
8, 510, 11968.000000
8, 510, 11686.000000
8, 510, 11604.000000
8, 510, 11759.000000
8, 510, 11682.000000
8, 510, 11605.000000
8, 510, 17564.000000
8, 510, 19128.000000
8, 510, 12067.000000
8, 510, 14695.000000
8, 510, 11835.000000
8, 510, 16176.000000
8, 510, 16653.000000
8, 510, 15255.000000
8, 510, 15415.000000
8, 510, 19800.000000
8, 510, 13379.000000
8, 510, 22023.000000
8, 510, 23599.000000
8, 510, 23369.000000
8, 510, 19058.000000
8, 510, 18215.000000
8, 510, 17263.000000
8, 510, 16279.000000
8, 509, 16152.000000
8, 509, 15543.000000
8, 509, 16680.000000
8, 509, 14818.000000
8, 509, 14503.000000
8, 509, 14004.000000
8, 509, 13594.000000
8, 509, 12501.000000
8, 509, 12083.000000
8, 509, 11583.000000
8, 508, 11553.000000
8, 508, 11784.000000
8, 508, 12076.000000
8, 508, 11565.000000
8, 508, 11674.000000
8, 508, 16489.000000
8, 508, 12129.000000
8, 508, 12130.000000
8, 508, 11707.000000
8, 508, 12268.000000
8, 508, 18466.000000
8, 508, 12247.000000
8, 508, 14906.000000
8, 508, 11817.000000
8, 508, 11150.000000
8, 508, 11455.000000
8, 508, 11511.000000
8, 507, 11666.000000
8, 507, 11418.000000
8, 507, 11495.000000
8, 507, 11352.000000
8, 507, 20345.000000
8, 507, 14313.000000
8, 507, 17308.000000
8, 507, 13588.000000
8, 507, 14337.000000
8, 507, 13470.000000
8, 507, 12554.000000
8, 507, 12804.000000
8, 507, 19299.000000
8, 507, 17455.000000
8, 507, 12257.000000
8, 507, 12098.000000
8, 507, 11659.000000
8, 507, 11572.000000
8, 507, 11503.000000
8, 507, 12029.000000
8, 507, 11476.000000
8, 507, 11775.000000
8, 507, 11545.000000
8, 507, 11627.000000
8, 507, 15917.000000
8, 507, 17026.000000
8, 507, 12579.000000
8, 507, 11516.000000
8, 507, 11903.000000
8, 507, 12166.000000
8, 507, 11363.000000
8, 507, 11756.000000
8, 507, 12675.000000
8, 507, 13009.000000
8, 506, 16319.000000
8, 506, 12703.000000
8, 506, 11785.000000
8, 505, 11977.000000
8, 505, 11557.000000
8, 505, 11547.000000
8, 505, 11584.000000
8, 505, 11535.000000
8, 505, 11486.000000
8, 505, 11478.000000
8, 505, 12119.000000
8, 505, 17264.000000
8, 505, 16818.000000
8, 505, 12212.000000
8, 505, 12050.000000
8, 505, 12429.000000
8, 505, 12038.000000
8, 505, 11547.000000
8, 505, 11563.000000
8, 505, 11562.000000
8, 505, 11608.000000
8, 505, 11513.000000
8, 505, 11521.000000
8, 504, 11519.000000
8, 504, 17006.000000
8, 504, 17480.000000
8, 504, 14524.000000
8, 504, 12684.000000
8, 504, 12482.000000
8, 504, 11638.000000
8, 504, 11586.000000
8, 504, 12276.000000
8, 504, 11464.000000
8, 504, 11528.000000
8, 503, 11508.000000
8, 503, 16462.000000
8, 503, 15855.000000
8, 503, 12993.000000
8, 503, 11798.000000
8, 503, 11804.000000
8, 502, 11421.000000
8, 502, 11576.000000
8, 502, 11348.000000
8, 502, 17406.000000
8, 502, 20750.000000
8, 502, 12248.000000
8, 502, 15382.000000
8, 502, 15243.000000
8, 502, 11657.000000
8, 502, 11417.000000
8, 502, 13225.000000
8, 502, 11708.000000
8, 502, 11461.000000
8, 502, 12978.000000
8, 502, 11451.000000
8, 502, 11490.000000
8, 502, 11535.000000
8, 502, 19508.000000
8, 502, 16711.000000
8, 502, 16749.000000
8, 502, 16594.000000
8, 502, 14542.000000
8, 502, 14996.000000
8, 502, 13926.000000
8, 502, 14753.000000
8, 502, 20349.000000
8, 502, 13905.000000
8, 502, 21391.000000
8, 502, 14276.000000
8, 502, 19750.000000
8, 502, 17690.000000
8, 502, 13283.000000
8, 502, 12469.000000
8, 502, 12551.000000
8, 502, 12362.000000
8, 502, 11577.000000
8, 502, 11265.000000
8, 502, 11825.000000
8, 502, 11577.000000
8, 502, 11593.000000
8, 502, 18223.000000
8, 502, 16251.000000
8, 502, 14672.000000
8, 502, 11802.000000
8, 502, 11476.000000
8, 502, 15109.000000
8, 502, 21118.000000
8, 502, 13418.000000
8, 502, 12149.000000
8, 502, 16537.000000
8, 502, 14768.000000
8, 502, 12095.000000
8, 502, 11612.000000
8, 502, 11932.000000
8, 502, 11676.000000
8, 502, 20338.000000
8, 502, 18792.000000
8, 502, 17580.000000
8, 502, 16422.000000
8, 502, 15580.000000
8, 502, 14322.000000
8, 502, 14342.000000
8, 501, 13859.000000
8, 501, 14257.000000
8, 501, 13408.000000
8, 501, 13090.000000
8, 501, 13090.000000
8, 501, 20671.000000
8, 500, 13144.000000
8, 500, 12774.000000
8, 1073, 24033.000000
8, 1062, 20786.000000
8, 1049, 21100.000000
8, 1036, 20151.000000
8, 1025, 20036.000000
8, 1013, 19954.000000
8, 1006, 19427.000000
8, 996, 19239.000000
8, 987, 19197.000000
8, 981, 19048.000000
8, 977, 19110.000000
8, 966, 19602.000000
8, 961, 18623.000000
8, 949, 18332.000000
8, 941, 19514.000000
8, 936, 18436.000000
8, 926, 18893.000000
8, 924, 18159.000000
8, 916, 17647.000000
8, 911, 17862.000000
8, 909, 17667.000000
8, 900, 17469.000000
8, 896, 17283.000000
8, 892, 17447.000000
8, 886, 17181.000000
8, 885, 17611.000000
8, 878, 17034.000000
8, 875, 17089.000000
8, 871, 16961.000000
8, 867, 17053.000000
8, 863, 16856.000000
8, 859, 16625.000000
8, 855, 16538.000000
8, 852, 17857.000000
8, 844, 16542.000000
8, 840, 16392.000000
8, 838, 16275.000000
8, 837, 16227.000000
8, 832, 16586.000000
8, 830, 17134.000000
8, 829, 16569.000000
8, 829, 17464.000000
8, 826, 16025.000000
8, 823, 16425.000000
8, 816, 17078.000000
8, 812, 15792.000000
8, 810, 16063.000000
8, 809, 15834.000000
8, 805, 15753.000000
8, 804, 15777.000000
8, 802, 15664.000000
8, 799, 15721.000000
8, 797, 15894.000000
8, 792, 15672.000000
8, 789, 16465.000000
8, 787, 15429.000000
8, 786, 15550.000000
8, 781, 16163.000000
8, 780, 16124.000000
8, 777, 15381.000000
8, 775, 15159.000000
8, 773, 17148.000000
8, 769, 15853.000000
8, 766, 15255.000000
8, 765, 15154.000000
8, 762, 15293.000000
8, 759, 14986.000000
8, 751, 14953.000000
8, 748, 14843.000000
8, 745, 14693.000000
8, 744, 15182.000000
8, 743, 14606.000000
8, 742, 14780.000000
8, 740, 14572.000000
8, 740, 14781.000000
8, 738, 14737.000000
8, 737, 14796.000000
8, 736, 14720.000000
8, 734, 14885.000000
8, 734, 15025.000000
8, 732, 14799.000000
8, 731, 14658.000000
8, 729, 14476.000000
8, 727, 14614.000000
8, 725, 14441.000000
8, 722, 15017.000000
8, 714, 14820.000000
8, 714, 14146.000000
8, 713, 14340.000000
8, 712, 14199.000000
8, 709, 14809.000000
8, 708, 14436.000000
8, 707, 14649.000000
8, 705, 14073.000000
8, 703, 14334.000000
8, 700, 14178.000000
8, 699, 14462.000000
8, 696, 13899.000000
8, 694, 13848.000000
8, 694, 13921.000000
8, 693, 14032.000000
8, 691, 14111.000000
8, 688, 13874.000000
8, 687, 14615.000000
8, 684, 13829.000000
8, 682, 13935.000000
8, 680, 15402.000000
8, 680, 13682.000000
8, 678, 13823.000000
8, 677, 13851.000000
8, 675, 13728.000000
8, 673, 17856.000000
8, 671, 14047.000000
8, 669, 13602.000000
8, 667, 13871.000000
8, 665, 13638.000000
8, 665, 13590.000000
8, 661, 13412.000000
8, 659, 13430.000000
8, 655, 13374.000000
8, 651, 13418.000000
8, 650, 13486.000000
8, 650, 13271.000000
8, 647, 13377.000000
8, 646, 13479.000000
8, 646, 13564.000000
8, 643, 13469.000000
8, 643, 13783.000000
8, 643, 13986.000000
8, 640, 13342.000000
8, 640, 13233.000000
8, 640, 13298.000000
8, 638, 13335.000000
8, 638, 13260.000000
8, 638, 13361.000000
8, 633, 13263.000000
8, 631, 13922.000000
8, 631, 13116.000000
8, 627, 13059.000000
8, 626, 13111.000000
8, 625, 13535.000000
8, 624, 12966.000000
8, 622, 13340.000000
8, 620, 13966.000000
8, 618, 12814.000000
8, 616, 12964.000000
8, 615, 13504.000000
8, 612, 12803.000000
8, 610, 13469.000000
8, 610, 12784.000000
8, 609, 12839.000000
8, 609, 12789.000000
8, 606, 13430.000000
8, 605, 12848.000000
8, 605, 12926.000000
8, 604, 12653.000000
8, 600, 12742.000000
8, 598, 12929.000000
8, 596, 12926.000000
8, 596, 12781.000000
8, 595, 12664.000000
8, 594, 12906.000000
8, 590, 13439.000000
8, 589, 13044.000000
8, 588, 12591.000000
8, 588, 12457.000000
8, 585, 18212.000000
8, 584, 13194.000000
8, 581, 17570.000000
8, 581, 21179.000000
8, 581, 16998.000000
8, 581, 15919.000000
8, 581, 21635.000000
8, 579, 16534.000000
8, 576, 14529.000000
8, 574, 13712.000000
8, 574, 14606.000000
8, 573, 13564.000000
8, 573, 12794.000000
8, 571, 13092.000000
8, 571, 12672.000000
8, 570, 18515.000000
8, 569, 13553.000000
8, 566, 17215.000000
8, 563, 13829.000000
8, 561, 12277.000000
8, 560, 12467.000000
8, 560, 12925.000000
8, 559, 12553.000000
8, 558, 12138.000000
8, 558, 12220.000000
8, 558, 12238.000000
8, 556, 12090.000000
8, 556, 12158.000000
8, 555, 12121.000000
8, 555, 12150.000000
8, 554, 16932.000000
8, 553, 16954.000000
8, 553, 13053.000000
8, 553, 12217.000000
8, 552, 12028.000000
8, 550, 12146.000000
8, 549, 12028.000000
8, 549, 12074.000000
8, 549, 12035.000000
8, 549, 12411.000000
8, 548, 12216.000000
8, 548, 12031.000000
8, 548, 16989.000000
8, 546, 19642.000000
8, 546, 17730.000000
8, 545, 12457.000000
8, 545, 12606.000000
8, 543, 12375.000000
8, 541, 12026.000000
8, 540, 11925.000000
8, 539, 11851.000000
8, 538, 12173.000000
8, 538, 21097.000000
8, 537, 19365.000000
8, 536, 15670.000000
8, 535, 15923.000000
8, 534, 15841.000000
8, 534, 16809.000000
8, 533, 16578.000000
8, 532, 15080.000000
8, 532, 12776.000000
8, 531, 13677.000000
8, 531, 17168.000000
8, 531, 13091.000000
8, 530, 12075.000000
8, 529, 11925.000000
8, 528, 11883.000000
8, 525, 11935.000000
8, 524, 12568.000000
8, 524, 11995.000000
8, 524, 11776.000000
8, 521, 11954.000000
8, 521, 11846.000000
8, 521, 12367.000000
8, 519, 11644.000000
8, 518, 17018.000000
8, 518, 16251.000000
8, 518, 12327.000000
8, 518, 11734.000000
8, 517, 12851.000000
8, 517, 11920.000000
8, 517, 11755.000000
8, 517, 12016.000000
8, 517, 11640.000000
8, 517, 11781.000000
8, 517, 11790.000000
8, 517, 11860.000000
8, 516, 11790.000000
8, 516, 11651.000000
8, 516, 11689.000000
8, 516, 11739.000000
8, 516, 11640.000000
8, 516, 16983.000000
8, 516, 17888.000000
8, 516, 16613.000000
8, 516, 16970.000000
8, 516, 23027.000000
8, 514, 16449.000000
8, 514, 17794.000000
8, 514, 17541.000000
8, 513, 15708.000000
8, 513, 15790.000000
8, 513, 21572.000000
8, 512, 15238.000000
8, 512, 13843.000000
8, 511, 20697.000000
8, 511, 14163.000000
8, 511, 15823.000000
8, 510, 16120.000000
8, 509, 13387.000000
8, 509, 18689.000000
8, 509, 12980.000000
8, 509, 11620.000000
8, 508, 11800.000000
8, 507, 11753.000000
8, 506, 11719.000000
8, 506, 11505.000000
8, 505, 14156.000000
8, 505, 11598.000000
8, 504, 12149.000000
8, 504, 11985.000000
8, 504, 12048.000000
8, 504, 11828.000000
8, 504, 12074.000000
8, 504, 11511.000000
8, 504, 11464.000000
8, 504, 11491.000000
8, 504, 11532.000000
8, 503, 11432.000000
8, 503, 11677.000000
8, 503, 11543.000000
8, 503, 11456.000000
8, 503, 12359.000000
8, 503, 11803.000000
8, 503, 11594.000000
8, 503, 11436.000000
8, 503, 11941.000000
8, 503, 11933.000000
8, 503, 11628.000000
8, 503, 11492.000000
8, 503, 11533.000000
8, 503, 11547.000000
8, 502, 16527.000000
8, 502, 17533.000000
8, 502, 11872.000000
8, 502, 16021.000000
8, 501, 12728.000000
8, 501, 11767.000000
8, 499, 11710.000000
8, 499, 11419.000000
8, 499, 11794.000000
8, 499, 11820.000000
8, 499, 11696.000000
8, 499, 11956.000000
8, 499, 11523.000000
8, 499, 17450.000000
8, 499, 17633.000000
8, 498, 15232.000000
8, 498, 18560.000000
8, 498, 16042.000000
8, 498, 15005.000000
8, 498, 13381.000000
8, 498, 13292.000000
8, 498, 13202.000000
8, 498, 12317.000000
8, 498, 12506.000000
8, 498, 11764.000000
8, 497, 19854.000000
8, 497, 19437.000000
8, 497, 17648.000000
8, 496, 14313.000000
8, 495, 14535.000000
8, 495, 13570.000000
8, 495, 13328.000000
8, 495, 13214.000000
8, 495, 12440.000000
8, 495, 12123.000000
8, 495, 11799.000000
8, 495, 11601.000000
8, 495, 11646.000000
8, 495, 11400.000000
8, 495, 11480.000000
8, 495, 11507.000000
8, 495, 11918.000000
8, 495, 11956.000000
8, 495, 17728.000000
