0, 0, 18.000000
0, 0, 16.000000
0, 0, 12.000000
0, 0, 14.000000
0, 0, 11.000000
0, 0, 10.000000
0, 0, 10.000000
0, 0, 10.000000
0, 0, 10.000000
0, 0, 9.000000
0, 0, 9.000000
0, 0, 9.000000
0, 0, 9.000000
0, 0, 9.000000
0, 0, 8.000000
0, 0, 8.000000
0, 0, 9.000000
0, 0, 8.000000
0, 0, 8.000000
0, 0, 8.000000
0, 0, 8.000000
0, 0, 8.000000
0, 0, 8.000000
0, 0, 8.000000
0, 0, 8.000000
0, 0, 9.000000
0, 0, 8.000000
0, 0, 8.000000
0, 0, 8.000000
0, 0, 8.000000
0, 0, 8.000000
0, 0, 8.000000
0, 0, 9.000000
0, 0, 8.000000
0, 0, 8.000000
0, 0, 8.000000
0, 0, 8.000000
0, 0, 9.000000
0, 0, 8.000000
0, 0, 8.000000
0, 0, 8.000000
0, 0, 8.000000
0, 0, 8.000000
0, 0, 8.000000
0, 0, 8.000000
0, 0, 8.000000
0, 0, 8.000000
0, 0, 8.000000
0, 0, 8.000000
0, 0, 8.000000
0, 0, 9.000000
0, 0, 8.000000
0, 0, 8.000000
0, 0, 8.000000
0, 0, 8.000000
0, 0, 8.000000
0, 0, 9.000000
0, 0, 8.000000
0, 0, 8.000000
0, 0, 8.000000
0, 0, 8.000000
0, 0, 9.000000
0, 0, 8.000000
0, 0, 8.000000
0, 0, 8.000000
0, 0, 9.000000
0, 0, 8.000000
0, 0, 8.000000
0, 0, 8.000000
0, 0, 9.000000
0, 0, 8.000000
0, 0, 8.000000
0, 0, 8.000000
0, 0, 8.000000
0, 0, 9.000000
0, 0, 8.000000
0, 0, 8.000000
0, 0, 8.000000
0, 0, 9.000000
0, 0, 8.000000
0, 0, 8.000000
0, 0, 8.000000
0, 0, 8.000000
0, 0, 9.000000
0, 0, 8.000000
0, 0, 8.000000
0, 0, 8.000000
0, 0, 8.000000
0, 0, 9.000000
0, 0, 8.000000
0, 0, 8.000000
0, 0, 8.000000
0, 0, 9.000000
0, 0, 8.000000
0, 0, 8.000000
0, 0, 8.000000
0, 0, 8.000000
0, 0, 9.000000
0, 0, 8.000000
0, 0, 8.000000
0, 0, 8.000000
0, 0, 9.000000
0, 0, 8.000000
0, 607, 20.000000
0, 601, 22.000000
0, 589, 18.000000
0, 581, 19.000000
0, 573, 18.000000
0, 562, 18.000000
0, 551, 17.000000
0, 544, 17.000000
0, 540, 17.000000
0, 533, 17.000000
0, 526, 16.000000
0, 522, 17.000000
0, 516, 16.000000
0, 504, 16.000000
0, 499, 15.000000
0, 496, 16.000000
0, 494, 15.000000
0, 490, 16.000000
0, 489, 15.000000
0, 485, 15.000000
0, 481, 15.000000
0, 477, 15.000000
0, 922, 35.000000
0, 905, 33.000000
0, 886, 31.000000
0, 876, 32.000000
0, 856, 30.000000
0, 839, 29.000000
0, 829, 29.000000
0, 816, 28.000000
0, 805, 27.000000
0, 796, 27.000000
0, 786, 27.000000
0, 1365, 65.000000
0, 1339, 62.000000
0, 1320, 60.000000
0, 1304, 59.000000
0, 1285, 57.000000
0, 1263, 56.000000
0, 1836, 110.000000
0, 1811, 106.000000
0, 1788, 103.000000
0, 1762, 101.000000
0, 1737, 99.000000
0, 1720, 96.000000
0, 1705, 95.000000
0, 2297, 166.000000
0, 2271, 162.000000
0, 2249, 159.000000
0, 2231, 156.000000
0, 2200, 153.000000
0, 2740, 232.000000
0, 2705, 226.000000
0, 2675, 221.000000
0, 2650, 217.000000
0, 3269, 328.000000
0, 3229, 319.000000
0, 3190, 311.000000
0, 3853, 450.000000
0, 3819, 442.000000
0, 3775, 432.000000
0, 4364, 576.000000
0, 4316, 562.000000
0, 4271, 549.000000
0, 4224, 538.000000
0, 4180, 527.000000
0, 4137, 517.000000
0, 4096, 506.000000
0, 4056, 497.000000
0, 4004, 485.000000
0, 4621, 644.000000
0, 4566, 628.000000
0, 4518, 616.000000
0, 4476, 603.000000
0, 5302, 846.000000
0, 5239, 824.000000
0, 5181, 806.000000
0, 5697, 974.000000
0, 5635, 951.000000
0, 5570, 929.000000
0, 5509, 910.000000
0, 5446, 888.000000
0, 5390, 871.000000
0, 5334, 854.000000
0, 5288, 838.000000
0, 5213, 815.000000
0, 5154, 797.000000
0, 5103, 781.000000
0, 5061, 768.000000
0, 5016, 755.000000
0, 4972, 743.000000
0, 4927, 729.000000
0, 4897, 719.000000
0, 4855, 710.000000
0, 4809, 696.000000
0, 4761, 681.000000
0, 4735, 673.000000
0, 4694, 662.000000
0, 4667, 654.000000
0, 4643, 650.000000
0, 4623, 641.000000
0, 4590, 633.000000
0, 4557, 624.000000
0, 4530, 617.000000
0, 4494, 608.000000
0, 4464, 599.000000
0, 4445, 595.000000
0, 4416, 588.000000
0, 4394, 580.000000
0, 4368, 574.000000
0, 4346, 569.000000
0, 4318, 561.000000
0, 4290, 554.000000
0, 4265, 549.000000
0, 4238, 541.000000
0, 4215, 535.000000
0, 4197, 531.000000
0, 4180, 526.000000
0, 4155, 521.000000
0, 4140, 516.000000
0, 4125, 512.000000
0, 4102, 509.000000
0, 4092, 505.000000
0, 4065, 498.000000
0, 4040, 492.000000
0, 4019, 488.000000
0, 4000, 483.000000
0, 3984, 479.000000
0, 3975, 476.000000
0, 3959, 473.000000
0, 3942, 469.000000
0, 3928, 465.000000
0, 3915, 463.000000
0, 3893, 458.000000
0, 3873, 453.000000
0, 3854, 449.000000
0, 3839, 445.000000
0, 3823, 442.000000
0, 3805, 437.000000
0, 3789, 434.000000
0, 3782, 433.000000
0, 3770, 429.000000
0, 3755, 427.000000
0, 3744, 424.000000
0, 3731, 421.000000
0, 3716, 417.000000
0, 3702, 416.000000
0, 3687, 411.000000
0, 3679, 409.000000
0, 3662, 406.000000
0, 3648, 403.000000
0, 3635, 400.000000
0, 3616, 396.000000
0, 3602, 394.000000
0, 3592, 391.000000
0, 3582, 389.000000
0, 3571, 386.000000
0, 3555, 383.000000
0, 3549, 381.000000
0, 3535, 384.000000
0, 3521, 376.000000
0, 3510, 374.000000
0, 3498, 371.000000
0, 3491, 369.000000
0, 3485, 369.000000
0, 3475, 366.000000
0, 3467, 365.000000
0, 3455, 362.000000
0, 3445, 360.000000
0, 3439, 359.000000
0, 3425, 356.000000
0, 3413, 353.000000
0, 3400, 351.000000
0, 3387, 348.000000
0, 3383, 347.000000
0, 3376, 347.000000
0, 3365, 344.000000
0, 3352, 342.000000
0, 3348, 340.000000
0, 3331, 337.000000
0, 3321, 335.000000
0, 3311, 334.000000
0, 3302, 331.000000
0, 3298, 330.000000
0, 3290, 330.000000
0, 3281, 328.000000
0, 3273, 325.000000
0, 3262, 324.000000
0, 3257, 323.000000
0, 3249, 321.000000
0, 3241, 320.000000
0, 3238, 319.000000
0, 3228, 317.000000
0, 3217, 315.000000
0, 3208, 314.000000
0, 3201, 312.000000
0, 3191, 310.000000
0, 3176, 308.000000
0, 3169, 305.000000
0, 3160, 304.000000
0, 3156, 304.000000
0, 3149, 302.000000
0, 3144, 301.000000
0, 3135, 300.000000
0, 3128, 299.000000
0, 3123, 297.000000
0, 3110, 295.000000
0, 3099, 293.000000
0, 3095, 292.000000
0, 3088, 291.000000
0, 3079, 290.000000
0, 3075, 288.000000
0, 3071, 287.000000
0, 3066, 288.000000
0, 3065, 287.000000
0, 3055, 285.000000
0, 3045, 283.000000
0, 3037, 281.000000
0, 3033, 281.000000
0, 3019, 278.000000
0, 3013, 278.000000
0, 3008, 276.000000
0, 2999, 275.000000
0, 2991, 273.000000
0, 2986, 273.000000
0, 2975, 271.000000
0, 2970, 270.000000
0, 2963, 268.000000
0, 2956, 268.000000
0, 2949, 266.000000
0, 2946, 265.000000
0, 2941, 265.000000
0, 2932, 263.000000
0, 2925, 262.000000
0, 2915, 260.000000
0, 2909, 260.000000
0, 2900, 257.000000
0, 2896, 257.000000
0, 2885, 255.000000
0, 2880, 254.000000
0, 2872, 253.000000
0, 2870, 252.000000
0, 2863, 251.000000
0, 2855, 250.000000
0, 2852, 250.000000
0, 2848, 249.000000
0, 2842, 247.000000
0, 2840, 248.000000
0, 2837, 247.000000
0, 2834, 246.000000
0, 2831, 245.000000
0, 2825, 245.000000
0, 2819, 244.000000
0, 2810, 242.000000
0, 2806, 242.000000
0, 2803, 241.000000
0, 2799, 240.000000
0, 2794, 240.000000
0, 2792, 239.000000
0, 2789, 239.000000
0, 2784, 238.000000
0, 2779, 237.000000
0, 2774, 236.000000
0, 2766, 235.000000
0, 2762, 234.000000
0, 2756, 234.000000
0, 2747, 231.000000
0, 2741, 231.000000
0, 2737, 231.000000
0, 2731, 230.000000
0, 2724, 228.000000
0, 2719, 227.000000
0, 2714, 226.000000
0, 2712, 227.000000
0, 2710, 226.000000
0, 2703, 225.000000
0, 2700, 224.000000
0, 2696, 224.000000
0, 2685, 222.000000
0, 2682, 222.000000
0, 2675, 220.000000
0, 2673, 220.000000
0, 2670, 220.000000
0, 2668, 219.000000
0, 2663, 218.000000
0, 2657, 218.000000
0, 2656, 217.000000
0, 2649, 217.000000
0, 2643, 215.000000
0, 2638, 215.000000
0, 2635, 214.000000
0, 2628, 213.000000
0, 2623, 212.000000
0, 2620, 212.000000
0, 2618, 212.000000
0, 2609, 210.000000
0, 2606, 210.000000
0, 2603, 210.000000
0, 2600, 208.000000
0, 2595, 208.000000
0, 2589, 207.000000
0, 2583, 206.000000
0, 2573, 205.000000
0, 2569, 203.000000
0, 2564, 204.000000
0, 2561, 202.000000
0, 2556, 202.000000
0, 2550, 201.000000
0, 2544, 200.000000
0, 2541, 200.000000
0, 2534, 199.000000
0, 2532, 198.000000
0, 2528, 198.000000
0, 2528, 198.000000
0, 2526, 198.000000
0, 2523, 196.000000
0, 2522, 197.000000
0, 2519, 197.000000
0, 2512, 195.000000
0, 2511, 195.000000
0, 2505, 194.000000
0, 2505, 195.000000
0, 2501, 194.000000
0, 2498, 193.000000
0, 2491, 192.000000
0, 2490, 192.000000
0, 2482, 191.000000
0, 2477, 190.000000
0, 2475, 191.000000
0, 2472, 189.000000
0, 2469, 189.000000
0, 2464, 188.000000
0, 2460, 188.000000
0, 2457, 187.000000
0, 2454, 187.000000
0, 2452, 186.000000
0, 2450, 187.000000
0, 2440, 185.000000
0, 2436, 184.000000
0, 2432, 184.000000
0, 2430, 183.000000
0, 2426, 183.000000
0, 2424, 182.000000
0, 2420, 183.000000
0, 2415, 181.000000
0, 2413, 181.000000
0, 2413, 180.000000
0, 2408, 181.000000
0, 2401, 179.000000
0, 2401, 179.000000
0, 2398, 178.000000
0, 2395, 178.000000
0, 2394, 179.000000
0, 2392, 178.000000
0, 2389, 177.000000
0, 2385, 177.000000
0, 2381, 177.000000
0, 2380, 176.000000
0, 2378, 176.000000
0, 2374, 175.000000
0, 2373, 175.000000
0, 2372, 175.000000
0, 2372, 175.000000
0, 2369, 174.000000
0, 2366, 174.000000
0, 2365, 174.000000
0, 2361, 174.000000
0, 2359, 173.000000
0, 2357, 173.000000
0, 2355, 173.000000
0, 2352, 172.000000
0, 2346, 171.000000
0, 2338, 171.000000
0, 2335, 170.000000
0, 2328, 168.000000
0, 2324, 169.000000
0, 2318, 167.000000
0, 2315, 168.000000
0, 2313, 166.000000
0, 2309, 167.000000
0, 2308, 166.000000
0, 2304, 165.000000
0, 2302, 165.000000
0, 2299, 165.000000
0, 2296, 165.000000
0, 2295, 164.000000
0, 2291, 164.000000
0, 2288, 163.000000
0, 2285, 163.000000
0, 2283, 163.000000
0, 2280, 162.000000
0, 2276, 162.000000
0, 2275, 162.000000
0, 2273, 162.000000
0, 2269, 161.000000
0, 2266, 160.000000
0, 2263, 160.000000
0, 2258, 159.000000
0, 2255, 159.000000
0, 2255, 159.000000
0, 2253, 159.000000
0, 2250, 159.000000
0, 2248, 158.000000
0, 2246, 158.000000
0, 2245, 157.000000
0, 2241, 157.000000
0, 2241, 158.000000
0, 2240, 157.000000
0, 2238, 157.000000
0, 2234, 156.000000
0, 2234, 156.000000
0, 2231, 156.000000
0, 2228, 156.000000
0, 2225, 155.000000
0, 2224, 155.000000
0, 2220, 155.000000
0, 2217, 154.000000
0, 2213, 153.000000
0, 2213, 154.000000
0, 2211, 153.000000
0, 2206, 153.000000
0, 2201, 151.000000
0, 2195, 151.000000
0, 2192, 151.000000
0, 2191, 150.000000
0, 2184, 150.000000
0, 2184, 150.000000
0, 2182, 149.000000
0, 2180, 149.000000
0, 2178, 149.000000
0, 2175, 149.000000
0, 2172, 149.000000
0, 2172, 148.000000
0, 2170, 148.000000
0, 2163, 147.000000
0, 2160, 146.000000
0, 2159, 147.000000
0, 2158, 146.000000
0, 2155, 146.000000
0, 2154, 145.000000
0, 2150, 146.000000
0, 2149, 145.000000
0, 2148, 145.000000
0, 2146, 144.000000
0, 2143, 144.000000
0, 2141, 144.000000
0, 2141, 145.000000
0, 2138, 143.000000
0, 2135, 144.000000
0, 2134, 143.000000
0, 2133, 143.000000
0, 2131, 143.000000
0, 2128, 142.000000
0, 2127, 143.000000
0, 2127, 142.000000
0, 2127, 142.000000
0, 2124, 142.000000
0, 2121, 142.000000
0, 2118, 141.000000
0, 2117, 141.000000
0, 2115, 140.000000
0, 2110, 140.000000
0, 2108, 140.000000
0, 2105, 139.000000
0, 2101, 139.000000
0, 2098, 139.000000
0, 2096, 138.000000
0, 2095, 138.000000
0, 2091, 138.000000
0, 2089, 138.000000
0, 2085, 137.000000
0, 2085, 137.000000
0, 2080, 136.000000
0, 2079, 137.000000
0, 2078, 136.000000
0, 2076, 136.000000
0, 2074, 136.000000
0, 2072, 136.000000
0, 2071, 135.000000
0, 2069, 135.000000
0, 2067, 134.000000
0, 2061, 133.000000
0, 2056, 134.000000
0, 2056, 134.000000
0, 2056, 133.000000
0, 2054, 134.000000
0, 2050, 132.000000
0, 2044, 132.000000
0, 2043, 132.000000
0, 2038, 132.000000
0, 2037, 131.000000
0, 2035, 131.000000
0, 2035, 131.000000
0, 2031, 130.000000
0, 2028, 130.000000
0, 2027, 131.000000
0, 2026, 130.000000
0, 2024, 129.000000
0, 2023, 130.000000
0, 2019, 129.000000
0, 2017, 129.000000
0, 2015, 129.000000
0, 2013, 128.000000
0, 2007, 128.000000
0, 2006, 127.000000
0, 2005, 127.000000
0, 2004, 127.000000
0, 2004, 128.000000
0, 2003, 127.000000
0, 2002, 127.000000
0, 2002, 127.000000
0, 1997, 126.000000
0, 1996, 126.000000
0, 1994, 126.000000
0, 1990, 126.000000
0, 1987, 125.000000
0, 1986, 125.000000
0, 1985, 125.000000
0, 1984, 125.000000
0, 1983, 125.000000
0, 1982, 125.000000
0, 1982, 124.000000
0, 1979, 125.000000
0, 1975, 123.000000
0, 1972, 125.000000
0, 1970, 125.000000
0, 1967, 123.000000
0, 1965, 122.000000
0, 1963, 123.000000
0, 1960, 122.000000
0, 1956, 121.000000
0, 1952, 121.000000
0, 1949, 121.000000
0, 1947, 120.000000
0, 1946, 121.000000
0, 1942, 120.000000
0, 1940, 119.000000
0, 1938, 120.000000
0, 1938, 120.000000
0, 1938, 120.000000
0, 1937, 120.000000
0, 1932, 118.000000
0, 1932, 119.000000
0, 1931, 119.000000
0, 1924, 118.000000
0, 1924, 117.000000
0, 1919, 118.000000
0, 1916, 117.000000
0, 1915, 117.000000
0, 1915, 117.000000
0, 1915, 117.000000
0, 1915, 117.000000
0, 1914, 117.000000
0, 1911, 116.000000
0, 1908, 116.000000
0, 1906, 116.000000
0, 1902, 116.000000
0, 1900, 115.000000
0, 1895, 115.000000
0, 1892, 114.000000
0, 1890, 114.000000
0, 1888, 114.000000
0, 1887, 114.000000
0, 1884, 113.000000
0, 1881, 113.000000
0, 1878, 113.000000
0, 1877, 113.000000
0, 1877, 113.000000
0, 1872, 112.000000
0, 1870, 112.000000
0, 1867, 112.000000
0, 1867, 111.000000
0, 1863, 111.000000
0, 1860, 111.000000
0, 1856, 110.000000
0, 1853, 110.000000
0, 1850, 110.000000
0, 1849, 110.000000
0, 1848, 109.000000
0, 1848, 110.000000
0, 1847, 109.000000
0, 1846, 109.000000
0, 1843, 109.000000
0, 1841, 109.000000
0, 1839, 108.000000
0, 1838, 108.000000
0, 1836, 108.000000
0, 1832, 108.000000
0, 1832, 108.000000
0, 1829, 107.000000
0, 1828, 108.000000
0, 1825, 107.000000
0, 1824, 107.000000
0, 1823, 106.000000
0, 1821, 107.000000
0, 1821, 106.000000
0, 1819, 107.000000
0, 1818, 106.000000
0, 1816, 106.000000
0, 1812, 106.000000
0, 1810, 105.000000
0, 1808, 105.000000
0, 1807, 105.000000
0, 1807, 105.000000
0, 1804, 105.000000
0, 1801, 104.000000
0, 1799, 105.000000
0, 1798, 103.000000
0, 1795, 104.000000
0, 1791, 103.000000
0, 1790, 104.000000
0, 1790, 103.000000
0, 1785, 103.000000
0, 1782, 102.000000
0, 1780, 102.000000
0, 1776, 102.000000
0, 1774, 101.000000
0, 1774, 101.000000
0, 1774, 102.000000
0, 1770, 101.000000
0, 1769, 101.000000
0, 1768, 101.000000
0, 1766, 101.000000
0, 1762, 100.000000
0, 1758, 100.000000
0, 1754, 99.000000
0, 1754, 100.000000
0, 1753, 99.000000
0, 1751, 99.000000
0, 1747, 99.000000
0, 1745, 98.000000
0, 1742, 99.000000
0, 1740, 98.000000
0, 1740, 98.000000
0, 1736, 97.000000
0, 1734, 97.000000
0, 1734, 98.000000
0, 1732, 97.000000
0, 1729, 97.000000
0, 1728, 96.000000
0, 1727, 97.000000
0, 1727, 97.000000
0, 1725, 96.000000
0, 1724, 97.000000
0, 1722, 95.000000
0, 1719, 96.000000
0, 1716, 96.000000
0, 1712, 95.000000
0, 1711, 95.000000
0, 1709, 94.000000
0, 1708, 95.000000
0, 1706, 95.000000
0, 1704, 94.000000
0, 1702, 94.000000
0, 1700, 94.000000
0, 1699, 94.000000
0, 1694, 93.000000
0, 1692, 93.000000
0, 1691, 93.000000
0, 1685, 93.000000
0, 1683, 92.000000
0, 1681, 92.000000
0, 1681, 92.000000
0, 1679, 92.000000
0, 1677, 92.000000
0, 1676, 91.000000
0, 1675, 91.000000
0, 1674, 91.000000
0, 1674, 91.000000
0, 1672, 90.000000
0, 1671, 91.000000
0, 1671, 91.000000
0, 1671, 91.000000
0, 1671, 91.000000
0, 1668, 91.000000
0, 1665, 91.000000
0, 1661, 89.000000
0, 1657, 90.000000
0, 1656, 89.000000
0, 1653, 90.000000
0, 1650, 89.000000
0, 1649, 88.000000
0, 1648, 89.000000
0, 1648, 89.000000
0, 1646, 88.000000
0, 1645, 89.000000
0, 1644, 88.000000
0, 1644, 88.000000
0, 1643, 88.000000
0, 1641, 87.000000
0, 1639, 88.000000
0, 1637, 88.000000
0, 1634, 87.000000
0, 1632, 87.000000
0, 1630, 87.000000
0, 1630, 87.000000
0, 1629, 87.000000
0, 1628, 87.000000
0, 1627, 87.000000
0, 1626, 86.000000
0, 1624, 86.000000
0, 1621, 87.000000
0, 1619, 85.000000
0, 1616, 86.000000
0, 1612, 85.000000
0, 1611, 86.000000
0, 1610, 85.000000
0, 1610, 85.000000
0, 1607, 84.000000
0, 1604, 85.000000
0, 1602, 84.000000
0, 1601, 84.000000
0, 1597, 84.000000
0, 1596, 83.000000
0, 1594, 84.000000
0, 1591, 83.000000
0, 1589, 83.000000
0, 1588, 83.000000
0, 1588, 83.000000
0, 1587, 83.000000
0, 1585, 83.000000
0, 1583, 82.000000
0, 1581, 82.000000
0, 1580, 83.000000
0, 1579, 82.000000
0, 1579, 82.000000
0, 1579, 82.000000
0, 1576, 82.000000
0, 1576, 82.000000
0, 1575, 82.000000
0, 1574, 81.000000
0, 1571, 82.000000
0, 1569, 81.000000
0, 1566, 81.000000
0, 1566, 81.000000
0, 1565, 81.000000
0, 1564, 81.000000
0, 1563, 80.000000
0, 1560, 81.000000
0, 1556, 80.000000
0, 1555, 80.000000
0, 1553, 79.000000
0, 1551, 80.000000
0, 1549, 79.000000
0, 1548, 79.000000
0, 1547, 79.000000
0, 1544, 79.000000
0, 1543, 79.000000
0, 1542, 79.000000
0, 1542, 78.000000
0, 1542, 79.000000
0, 1539, 78.000000
0, 1537, 78.000000
0, 1536, 79.000000
0, 1534, 78.000000
0, 1534, 77.000000
0, 1532, 78.000000
0, 1530, 78.000000
0, 1529, 77.000000
0, 1528, 78.000000
0, 1528, 77.000000
0, 1527, 77.000000
0, 1526, 77.000000
0, 1524, 77.000000
0, 1523, 77.000000
0, 1521, 77.000000
0, 1520, 78.000000
0, 1519, 76.000000
0, 1516, 77.000000
0, 1515, 76.000000
0, 1511, 76.000000
0, 1509, 76.000000
0, 1508, 75.000000
0, 1506, 76.000000
0, 1505, 75.000000
0, 1505, 75.000000
0, 1505, 76.000000
0, 1502, 75.000000
0, 1502, 75.000000
0, 1501, 75.000000
0, 1501, 75.000000
0, 1499, 75.000000
0, 1496, 75.000000
0, 1496, 74.000000
0, 1495, 75.000000
0, 1494, 74.000000
0, 1494, 75.000000
0, 1492, 74.000000
0, 1491, 74.000000
0, 1488, 74.000000
0, 1488, 74.000000
0, 1487, 73.000000
0, 1486, 74.000000
0, 1486, 73.000000
0, 1484, 74.000000
0, 1483, 73.000000
0, 1481, 74.000000
0, 1481, 73.000000
0, 1479, 73.000000
0, 1479, 73.000000
0, 1476, 73.000000
0, 1476, 73.000000
0, 1475, 72.000000
0, 1474, 73.000000
0, 1471, 72.000000
0, 1471, 73.000000
0, 1468, 72.000000
0, 1467, 72.000000
0, 1464, 71.000000
0, 1462, 73.000000
0, 1458, 71.000000
0, 1455, 71.000000
0, 1455, 71.000000
0, 1451, 71.000000
0, 1450, 70.000000
0, 1448, 71.000000
0, 1448, 70.000000
0, 1448, 70.000000
0, 1445, 70.000000
0, 1442, 70.000000
0, 1440, 69.000000
0, 1437, 70.000000
0, 1436, 69.000000
0, 1434, 69.000000
0, 1434, 69.000000
0, 1431, 69.000000
0, 1430, 69.000000
0, 1428, 69.000000
0, 1428, 68.000000
0, 1427, 69.000000
0, 1426, 68.000000
0, 1426, 69.000000
0, 1425, 68.000000
0, 1422, 68.000000
0, 1419, 68.000000
0, 1417, 68.000000
0, 1414, 67.000000
0, 1414, 68.000000
0, 1412, 67.000000
0, 1411, 68.000000
0, 1410, 67.000000
0, 1407, 67.000000
0, 1407, 66.000000
0, 1406, 67.000000
0, 1406, 67.000000
0, 1405, 67.000000
0, 1405, 67.000000
0, 1405, 66.000000
0, 1404, 67.000000
0, 1403, 66.000000
0, 1402, 67.000000
0, 1402, 66.000000
0, 1400, 67.000000
0, 1396, 66.000000
0, 1396, 66.000000
0, 1396, 66.000000
0, 1395, 65.000000
0, 1392, 66.000000
0, 1388, 65.000000
0, 1385, 65.000000
0, 1383, 65.000000
0, 1380, 65.000000
0, 1377, 64.000000
0, 1374, 64.000000
0, 1372, 64.000000
0, 1370, 64.000000
0, 1370, 64.000000
0, 1369, 63.000000
0, 1368, 64.000000
0, 1368, 64.000000
0, 1367, 63.000000
0, 1367, 64.000000
0, 1366, 64.000000
0, 1363, 63.000000
0, 1358, 63.000000
0, 1358, 63.000000
0, 1357, 62.000000
0, 1357, 63.000000
0, 1353, 63.000000
0, 1351, 62.000000
0, 1349, 62.000000
0, 1348, 62.000000
0, 1346, 62.000000
0, 1345, 62.000000
0, 1343, 61.000000
0, 1343, 62.000000
0, 1342, 62.000000
0, 1339, 62.000000
0, 1338, 61.000000
0, 1338, 61.000000
0, 1338, 61.000000
0, 1337, 61.000000
0, 1336, 61.000000
0, 1335, 61.000000
0, 1331, 61.000000
0, 1331, 61.000000
0, 1331, 60.000000
0, 1331, 61.000000
0, 1331, 61.000000
0, 1330, 61.000000
0, 1328, 60.000000
0, 1328, 61.000000
0, 1327, 60.000000
0, 1327, 61.000000
0, 1325, 60.000000
0, 1324, 60.000000
0, 1322, 60.000000
0, 1322, 60.000000
0, 1321, 60.000000
0, 1321, 60.000000
0, 1320, 60.000000
0, 1320, 60.000000
0, 1318, 60.000000
0, 1318, 59.000000
0, 1317, 60.000000
0, 1317, 59.000000
0, 1317, 60.000000
0, 1315, 60.000000
0, 1315, 59.000000
0, 1315, 59.000000
0, 1315, 60.000000
0, 1312, 59.000000
0, 1310, 59.000000
0, 1307, 59.000000
0, 1307, 59.000000
0, 1307, 58.000000
0, 1306, 59.000000
0, 1306, 59.000000
0, 1306, 59.000000
0, 1305, 58.000000
0, 1303, 59.000000
0, 1302, 58.000000
0, 1301, 59.000000
0, 1299, 58.000000
0, 1298, 58.000000
0, 1296, 58.000000
0, 1296, 58.000000
0, 1294, 58.000000
0, 1293, 58.000000
0, 1290, 58.000000
0, 1289, 57.000000
0, 1287, 57.000000
0, 1286, 57.000000
0, 1285, 57.000000
0, 1282, 57.000000
0, 1278, 57.000000
0, 1277, 57.000000
0, 1272, 56.000000
0, 1268, 56.000000
0, 1266, 55.000000
0, 1266, 56.000000
0, 1265, 56.000000
0, 1263, 55.000000
0, 1263, 56.000000
0, 1262, 55.000000
0, 1262, 56.000000
0, 1261, 55.000000
0, 1260, 55.000000
0, 1260, 56.000000
0, 1258, 55.000000
0, 1256, 55.000000
0, 1256, 55.000000
0, 1255, 55.000000
0, 1255, 54.000000
0, 1254, 55.000000
0, 1252, 55.000000
0, 1252, 54.000000
0, 1251, 55.000000
0, 1251, 54.000000
0, 1251, 55.000000
0, 1250, 55.000000
0, 1250, 54.000000
0, 1248, 55.000000
0, 1247, 54.000000
0, 1245, 54.000000
0, 1244, 54.000000
0, 1243, 54.000000
0, 1243, 54.000000
0, 1243, 54.000000
0, 1242, 54.000000
0, 1240, 54.000000
0, 1239, 53.000000
0, 1238, 54.000000
0, 1237, 54.000000
0, 1237, 53.000000
0, 1235, 53.000000
0, 1234, 53.000000
0, 1232, 53.000000
0, 1232, 53.000000
0, 1232, 54.000000
0, 1232, 53.000000
0, 1232, 53.000000
0, 1231, 53.000000
0, 1229, 53.000000
0, 1228, 53.000000
0, 1228, 53.000000
0, 1226, 53.000000
0, 1226, 52.000000
0, 1226, 53.000000
0, 1226, 53.000000
0, 1225, 53.000000
0, 1220, 52.000000
0, 1218, 52.000000
0, 1217, 52.000000
0, 1216, 52.000000
0, 1215, 52.000000
0, 1212, 52.000000
0, 1211, 52.000000
0, 1211, 51.000000
0, 1211, 52.000000
0, 1209, 52.000000
0, 1208, 51.000000
0, 1208, 51.000000
0, 1208, 51.000000
0, 1208, 51.000000
0, 1207, 52.000000
0, 1206, 51.000000
0, 1204, 51.000000
0, 1202, 51.000000
0, 1200, 51.000000
0, 1198, 51.000000
0, 1197, 50.000000
0, 1197, 51.000000
0, 1194, 50.000000
0, 1193, 50.000000
0, 1192, 51.000000
0, 1190, 50.000000
0, 1190, 50.000000
0, 1189, 50.000000
0, 1188, 50.000000
0, 1188, 50.000000
0, 1188, 50.000000
0, 1188, 50.000000
0, 1186, 50.000000
0, 1186, 50.000000
0, 1185, 50.000000
0, 1185, 50.000000
0, 1183, 49.000000
0, 1183, 50.000000
0, 1181, 49.000000
0, 1181, 50.000000
0, 1180, 49.000000
0, 1179, 50.000000
0, 1179, 49.000000
0, 1179, 50.000000
0, 1175, 49.000000
0, 1174, 49.000000
0, 1172, 49.000000
0, 1172, 49.000000
0, 1169, 48.000000
0, 1167, 49.000000
0, 1166, 48.000000
0, 1165, 49.000000
0, 1163, 48.000000
0, 1162, 48.000000
0, 1160, 48.000000
0, 1160, 48.000000
0, 1159, 49.000000
0, 1158, 48.000000
0, 1157, 47.000000
0, 1156, 48.000000
0, 1156, 48.000000
0, 1155, 48.000000
0, 1154, 47.000000
0, 1153, 48.000000
0, 1153, 47.000000
0, 1152, 48.000000
0, 1152, 47.000000
0, 1151, 48.000000
0, 1151, 47.000000
0, 1150, 48.000000
0, 1149, 47.000000
0, 1147, 47.000000
0, 1146, 47.000000
0, 1143, 47.000000
0, 1143, 47.000000
0, 1141, 47.000000
0, 1139, 46.000000
0, 1135, 47.000000
0, 1134, 46.000000
0, 1131, 46.000000
0, 1131, 46.000000
0, 1129, 46.000000
0, 1129, 46.000000
0, 1128, 46.000000
0, 1127, 46.000000
0, 1127, 46.000000
0, 1126, 45.000000
0, 1126, 46.000000
0, 1126, 46.000000
0, 1126, 46.000000
0, 1125, 45.000000
0, 1123, 46.000000
0, 1122, 45.000000
0, 1119, 46.000000
0, 1118, 45.000000
0, 1116, 45.000000
0, 1115, 45.000000
0, 1113, 45.000000
0, 1113, 46.000000
0, 1113, 45.000000
0, 1113, 45.000000
0, 1113, 45.000000
0, 1109, 44.000000
0, 1108, 45.000000
0, 1107, 44.000000
0, 1106, 45.000000
0, 1106, 44.000000
0, 1103, 44.000000
0, 1101, 45.000000
0, 1100, 44.000000
0, 1097, 44.000000
0, 1097, 44.000000
0, 1097, 44.000000
0, 1096, 43.000000
0, 1096, 44.000000
0, 1096, 44.000000
0, 1096, 44.000000
0, 1095, 44.000000
0, 1095, 43.000000
0, 1093, 44.000000
0, 1093, 44.000000
0, 1091, 43.000000
0, 1089, 44.000000
0, 1087, 43.000000
0, 1087, 43.000000
0, 1086, 43.000000
0, 1083, 43.000000
0, 1080, 43.000000
0, 1080, 43.000000
0, 1080, 42.000000
0, 1078, 43.000000
0, 1075, 43.000000
0, 1074, 42.000000
0, 1073, 43.000000
0, 1073, 42.000000
0, 1071, 42.000000
0, 1071, 43.000000
0, 1071, 42.000000
0, 1069, 42.000000
0, 1068, 42.000000
0, 1067, 42.000000
0, 1066, 42.000000
0, 1064, 42.000000
0, 1062, 41.000000
0, 1060, 42.000000
0, 1059, 41.000000
0, 1059, 42.000000
0, 1058, 41.000000
0, 1056, 41.000000
0, 1055, 41.000000
0, 1054, 41.000000
0, 1054, 41.000000
0, 1053, 41.000000
0, 1052, 41.000000
0, 1051, 40.000000
0, 1050, 41.000000
0, 1049, 41.000000
0, 1047, 41.000000
0, 1045, 40.000000
0, 1044, 41.000000
0, 1044, 40.000000
0, 1041, 41.000000
0, 1041, 40.000000
0, 1041, 41.000000
0, 1041, 40.000000
0, 1041, 40.000000
0, 1041, 41.000000
0, 1040, 40.000000
0, 1040, 40.000000
0, 1038, 41.000000
0, 1037, 40.000000
0, 1036, 40.000000
0, 1035, 40.000000
0, 1034, 40.000000
0, 1033, 40.000000
0, 1031, 40.000000
0, 1028, 39.000000
0, 1025, 39.000000
0, 1023, 39.000000
0, 1022, 40.000000
0, 1020, 39.000000
0, 1017, 38.000000
0, 1015, 39.000000
0, 1014, 39.000000
0, 1014, 38.000000
0, 1012, 39.000000
0, 1012, 39.000000
0, 1011, 38.000000
0, 1009, 38.000000
0, 1007, 39.000000
0, 1007, 38.000000
0, 1006, 38.000000
0, 1005, 38.000000
0, 1005, 38.000000
0, 1005, 38.000000
0, 1005, 38.000000
0, 1003, 38.000000
0, 1001, 38.000000
0, 1001, 38.000000
0, 1001, 38.000000
0, 1000, 38.000000
0, 1000, 38.000000
0, 1000, 37.000000
0, 998, 38.000000
0, 997, 38.000000
0, 996, 37.000000
0, 995, 38.000000
0, 995, 37.000000
0, 994, 38.000000
0, 993, 37.000000
0, 993, 38.000000
0, 991, 37.000000
0, 991, 37.000000
0, 991, 38.000000
0, 990, 37.000000
0, 988, 37.000000
0, 988, 37.000000
0, 988, 37.000000
0, 987, 37.000000
0, 986, 37.000000
0, 986, 37.000000
0, 986, 37.000000
0, 985, 37.000000
0, 985, 37.000000
0, 985, 37.000000
0, 983, 37.000000
0, 982, 37.000000
0, 981, 36.000000
0, 980, 37.000000
0, 980, 37.000000
0, 979, 36.000000
0, 979, 37.000000
0, 979, 36.000000
0, 979, 37.000000
0, 979, 37.000000
0, 979, 37.000000
0, 979, 36.000000
0, 978, 37.000000
0, 977, 36.000000
0, 975, 37.000000
0, 975, 36.000000
0, 973, 36.000000
0, 972, 36.000000
0, 970, 37.000000
0, 969, 36.000000
0, 968, 36.000000
0, 965, 36.000000
0, 963, 35.000000
0, 963, 36.000000
0, 962, 35.000000
0, 962, 36.000000
0, 962, 36.000000
0, 960, 35.000000
0, 957, 36.000000
0, 954, 35.000000
0, 951, 35.000000
0, 950, 35.000000
0, 948, 35.000000
0, 948, 35.000000
0, 948, 34.000000
0, 947, 35.000000
0, 945, 35.000000
0, 945, 34.000000
0, 943, 35.000000
0, 943, 34.000000
0, 942, 35.000000
0, 940, 34.000000
0, 938, 35.000000
0, 937, 34.000000
0, 937, 34.000000
0, 936, 34.000000
0, 936, 34.000000
0, 936, 35.000000
0, 933, 34.000000
0, 931, 34.000000
0, 931, 33.000000
0, 931, 34.000000
0, 931, 34.000000
0, 930, 34.000000
0, 929, 34.000000
0, 929, 33.000000
0, 929, 34.000000
0, 929, 34.000000
0, 928, 33.000000
0, 926, 34.000000
0, 926, 34.000000
0, 926, 33.000000
0, 926, 34.000000
0, 926, 33.000000
0, 925, 34.000000
0, 923, 33.000000
0, 922, 34.000000
0, 922, 33.000000
0, 921, 33.000000
0, 921, 34.000000
0, 921, 33.000000
0, 921, 33.000000
0, 920, 34.000000
0, 919, 33.000000
0, 919, 33.000000
0, 919, 33.000000
0, 919, 34.000000
0, 918, 33.000000
0, 918, 33.000000
0, 917, 33.000000
0, 917, 33.000000
0, 915, 33.000000
0, 913, 33.000000
0, 911, 33.000000
0, 908, 32.000000
0, 907, 33.000000
0, 907, 32.000000
0, 907, 33.000000
0, 906, 32.000000
0, 905, 32.000000
0, 905, 33.000000
0, 905, 32.000000
0, 905, 33.000000
0, 905, 32.000000
0, 903, 33.000000
0, 901, 32.000000
0, 900, 32.000000
0, 900, 32.000000
0, 897, 32.000000
0, 897, 32.000000
0, 897, 32.000000
0, 897, 32.000000
0, 894, 32.000000
0, 892, 32.000000
0, 890, 32.000000
0, 889, 31.000000
0, 888, 32.000000
0, 887, 32.000000
0, 887, 31.000000
0, 886, 32.000000
0, 885, 31.000000
0, 884, 31.000000
0, 883, 32.000000
0, 883, 31.000000
0, 882, 32.000000
0, 881, 31.000000
0, 879, 31.000000
0, 877, 31.000000
0, 876, 31.000000
0, 875, 30.000000
0, 874, 31.000000
0, 874, 31.000000
0, 872, 31.000000
0, 870, 30.000000
0, 869, 31.000000
0, 866, 30.000000
0, 866, 31.000000
0, 864, 30.000000
0, 862, 30.000000
0, 862, 30.000000
0, 862, 31.000000
0, 861, 30.000000
0, 861, 30.000000
0, 860, 30.000000
0, 858, 30.000000
0, 858, 30.000000
0, 857, 30.000000
0, 856, 30.000000
0, 856, 30.000000
0, 856, 30.000000
0, 854, 30.000000
0, 854, 30.000000
0, 854, 29.000000
0, 852, 30.000000
0, 851, 30.000000
0, 851, 29.000000
0, 849, 30.000000
0, 849, 29.000000
0, 849, 30.000000
0, 848, 29.000000
0, 846, 30.000000
0, 846, 29.000000
0, 846, 29.000000
0, 845, 30.000000
0, 843, 29.000000
0, 843, 29.000000
0, 843, 29.000000
0, 842, 30.000000
0, 842, 29.000000
0, 842, 29.000000
0, 842, 29.000000
0, 842, 29.000000
0, 841, 29.000000
0, 839, 29.000000
0, 839, 29.000000
0, 838, 29.000000
0, 838, 30.000000
0, 837, 29.000000
0, 836, 29.000000
0, 835, 28.000000
0, 835, 29.000000
0, 834, 29.000000
0, 834, 29.000000
0, 834, 29.000000
0, 834, 28.000000
0, 832, 29.000000
0, 832, 29.000000
0, 832, 28.000000
0, 832, 29.000000
0, 827, 29.000000
0, 827, 28.000000
0, 826, 28.000000
0, 825, 29.000000
0, 824, 28.000000
0, 824, 29.000000
0, 824, 28.000000
0, 824, 28.000000
0, 824, 29.000000
0, 824, 28.000000
0, 823, 28.000000
0, 823, 29.000000
0, 823, 28.000000
0, 823, 28.000000
0, 823, 29.000000
0, 822, 28.000000
0, 821, 28.000000
0, 821, 28.000000
0, 820, 28.000000
0, 818, 28.000000
0, 817, 28.000000
0, 816, 28.000000
0, 816, 28.000000
0, 815, 28.000000
0, 815, 28.000000
0, 814, 27.000000
0, 813, 28.000000
0, 813, 28.000000
0, 813, 28.000000
0, 812, 27.000000
0, 811, 27.000000
0, 809, 28.000000
0, 809, 28.000000
0, 808, 27.000000
0, 807, 28.000000
0, 804, 27.000000
0, 804, 27.000000
0, 804, 28.000000
0, 804, 27.000000
0, 804, 27.000000
0, 804, 28.000000
0, 803, 27.000000
0, 802, 27.000000
0, 801, 27.000000
0, 801, 27.000000
0, 801, 28.000000
0, 801, 27.000000
0, 801, 27.000000
0, 801, 27.000000
0, 800, 28.000000
0, 800, 27.000000
0, 798, 27.000000
0, 798, 27.000000
0, 798, 27.000000
0, 798, 27.000000
0, 798, 27.000000
0, 798, 27.000000
0, 796, 27.000000
0, 796, 27.000000
0, 795, 27.000000
0, 795, 27.000000
0, 794, 27.000000
0, 793, 27.000000
0, 792, 26.000000
0, 791, 27.000000
0, 791, 27.000000
0, 791, 27.000000
0, 791, 27.000000
0, 791, 26.000000
0, 791, 27.000000
0, 791, 27.000000
0, 790, 27.000000
0, 790, 26.000000
0, 788, 27.000000
0, 788, 26.000000
0, 788, 27.000000
0, 787, 26.000000
0, 787, 27.000000
0, 787, 27.000000
0, 786, 26.000000
0, 786, 27.000000
0, 786, 26.000000
0, 784, 26.000000
0, 784, 27.000000
0, 782, 26.000000
0, 782, 26.000000
0, 782, 27.000000
0, 782, 26.000000
0, 781, 26.000000
0, 780, 26.000000
0, 779, 27.000000
0, 778, 26.000000
0, 776, 26.000000
0, 776, 26.000000
0, 775, 26.000000
0, 772, 25.000000
0, 772, 26.000000
0, 772, 26.000000
0, 772, 26.000000
0, 771, 26.000000
0, 771, 26.000000
0, 770, 26.000000
0, 767, 25.000000
0, 767, 26.000000
0, 765, 26.000000
0, 763, 25.000000
0, 763, 26.000000
0, 763, 25.000000
0, 763, 26.000000
0, 763, 25.000000
0, 763, 25.000000
0, 762, 26.000000
0, 761, 25.000000
0, 761, 25.000000
0, 761, 26.000000
0, 760, 25.000000
0, 758, 25.000000
0, 757, 25.000000
0, 757, 25.000000
0, 757, 25.000000
0, 757, 25.000000
0, 756, 25.000000
0, 756, 25.000000
0, 756, 25.000000
0, 756, 26.000000
0, 756, 25.000000
0, 755, 25.000000
0, 752, 25.000000
0, 752, 25.000000
0, 752, 25.000000
0, 751, 25.000000
0, 750, 25.000000
0, 750, 25.000000
0, 750, 24.000000
0, 750, 25.000000
0, 750, 25.000000
0, 750, 25.000000
0, 749, 25.000000
0, 749, 25.000000
0, 748, 24.000000
0, 748, 25.000000
0, 748, 25.000000
0, 747, 25.000000
0, 747, 24.000000
0, 747, 25.000000
0, 746, 25.000000
0, 745, 24.000000
0, 744, 25.000000
0, 744, 25.000000
0, 743, 24.000000
0, 743, 25.000000
0, 742, 24.000000
0, 742, 25.000000
0, 741, 24.000000
0, 741, 25.000000
0, 739, 24.000000
0, 739, 24.000000
0, 739, 25.000000
0, 739, 24.000000
0, 738, 24.000000
0, 736, 25.000000
0, 735, 24.000000
0, 734, 24.000000
0, 733, 24.000000
0, 732, 24.000000
0, 730, 24.000000
0, 730, 24.000000
0, 730, 24.000000
0, 730, 24.000000
0, 729, 24.000000
0, 729, 24.000000
0, 729, 24.000000
0, 729, 23.000000
0, 729, 24.000000
0, 728, 24.000000
0, 728, 24.000000
0, 728, 24.000000
0, 728, 24.000000
0, 727, 24.000000
0, 727, 24.000000
0, 726, 24.000000
0, 725, 23.000000
0, 724, 24.000000
0, 723, 24.000000
0, 722, 23.000000
0, 721, 24.000000
0, 721, 24.000000
0, 719, 23.000000
0, 719, 24.000000
0, 719, 23.000000
0, 719, 24.000000
0, 719, 23.000000
0, 719, 24.000000
0, 719, 23.000000
0, 719, 24.000000
0, 719, 23.000000
0, 719, 24.000000
0, 719, 23.000000
0, 719, 24.000000
0, 719, 23.000000
0, 719, 24.000000
0, 719, 23.000000
0, 718, 24.000000
0, 718, 23.000000
0, 718, 24.000000
0, 718, 23.000000
0, 718, 23.000000
0, 717, 24.000000
0, 717, 23.000000
0, 717, 24.000000
0, 716, 23.000000
0, 716, 23.000000
0, 716, 24.000000
0, 715, 23.000000
0, 714, 24.000000
0, 714, 23.000000
0, 714, 23.000000
0, 713, 23.000000
0, 713, 24.000000
0, 712, 23.000000
0, 712, 23.000000
0, 712, 24.000000
0, 711, 23.000000
0, 711, 23.000000
0, 711, 24.000000
0, 711, 23.000000
0, 711, 23.000000
0, 710, 23.000000
0, 710, 23.000000
0, 710, 24.000000
0, 710, 23.000000
0, 710, 23.000000
0, 709, 23.000000
0, 708, 23.000000
0, 708, 23.000000
0, 707, 23.000000
0, 707, 23.000000
0, 707, 23.000000
0, 705, 23.000000
0, 703, 23.000000
0, 702, 22.000000
0, 700, 22.000000
0, 700, 23.000000
0, 700, 23.000000
0, 699, 22.000000
0, 699, 23.000000
0, 698, 23.000000
0, 697, 22.000000
0, 696, 23.000000
0, 696, 22.000000
0, 696, 23.000000
0, 695, 22.000000
0, 695, 23.000000
0, 695, 22.000000
0, 695, 23.000000
0, 694, 22.000000
0, 694, 23.000000
0, 693, 22.000000
0, 693, 23.000000
0, 693, 22.000000
0, 692, 23.000000
0, 691, 22.000000
0, 691, 22.000000
0, 690, 23.000000
0, 690, 22.000000
0, 689, 22.000000
0, 689, 22.000000
0, 688, 23.000000
0, 688, 22.000000
0, 686, 22.000000
0, 684, 22.000000
0, 684, 22.000000
0, 684, 22.000000
0, 683, 22.000000
0, 683, 23.000000
0, 683, 22.000000
0, 683, 22.000000
0, 683, 22.000000
0, 682, 22.000000
0, 682, 22.000000
0, 682, 21.000000
0, 682, 22.000000
0, 681, 22.000000
0, 680, 22.000000
0, 680, 22.000000
0, 680, 22.000000
0, 680, 22.000000
0, 679, 22.000000
0, 678, 21.000000
0, 678, 22.000000
0, 676, 22.000000
0, 674, 22.000000
0, 674, 21.000000
0, 673, 22.000000
0, 673, 21.000000
0, 673, 22.000000
0, 673, 21.000000
0, 673, 22.000000
0, 672, 22.000000
0, 672, 21.000000
0, 672, 22.000000
0, 672, 21.000000
0, 672, 22.000000
0, 671, 21.000000
0, 671, 22.000000
0, 671, 21.000000
0, 671, 22.000000
0, 671, 22.000000
0, 671, 21.000000
0, 670, 22.000000
0, 670, 21.000000
0, 670, 22.000000
0, 670, 21.000000
0, 670, 22.000000
0, 670, 21.000000
0, 670, 21.000000
0, 670, 22.000000
0, 670, 21.000000
0, 670, 22.000000
0, 670, 21.000000
0, 669, 22.000000
0, 669, 21.000000
0, 669, 22.000000
0, 668, 21.000000
0, 667, 21.000000
0, 666, 22.000000
0, 666, 21.000000
0, 666, 21.000000
0, 664, 22.000000
0, 664, 21.000000
0, 664, 21.000000
0, 664, 21.000000
0, 664, 22.000000
0, 664, 21.000000
0, 664, 21.000000
0, 664, 21.000000
0, 663, 22.000000
0, 663, 21.000000
0, 662, 21.000000
0, 662, 21.000000
0, 662, 22.000000
0, 662, 21.000000
0, 662, 22.000000
0, 662, 21.000000
0, 662, 21.000000
0, 662, 21.000000
0, 661, 21.000000
0, 661, 21.000000
0, 661, 21.000000
0, 660, 22.000000
0, 660, 21.000000
0, 658, 21.000000
0, 658, 21.000000
0, 657, 21.000000
0, 657, 21.000000
0, 657, 21.000000
0, 654, 20.000000
0, 654, 21.000000
0, 654, 21.000000
0, 653, 21.000000
0, 653, 21.000000
0, 653, 21.000000
0, 653, 21.000000
0, 653, 20.000000
0, 653, 21.000000
0, 653, 21.000000
0, 652, 21.000000
0, 652, 21.000000
0, 652, 21.000000
0, 652, 21.000000
0, 651, 20.000000
0, 650, 21.000000
0, 650, 21.000000
0, 650, 20.000000
0, 650, 21.000000
0, 650, 21.000000
0, 650, 20.000000
0, 649, 21.000000
0, 649, 21.000000
0, 649, 20.000000
0, 649, 21.000000
0, 649, 21.000000
0, 649, 20.000000
0, 649, 21.000000
0, 649, 21.000000
0, 648, 20.000000
0, 647, 21.000000
0, 647, 20.000000
0, 647, 20.000000
0, 647, 21.000000
0, 646, 20.000000
0, 646, 21.000000
0, 645, 20.000000
0, 644, 21.000000
0, 644, 20.000000
0, 644, 21.000000
0, 644, 20.000000
0, 644, 21.000000
0, 644, 20.000000
0, 643, 21.000000
0, 643, 20.000000
0, 643, 21.000000
0, 643, 20.000000
0, 643, 20.000000
0, 643, 21.000000
0, 643, 20.000000
0, 643, 21.000000
0, 641, 20.000000
0, 641, 20.000000
0, 640, 21.000000
0, 639, 20.000000
0, 639, 20.000000
0, 637, 21.000000
0, 637, 20.000000
0, 637, 20.000000
0, 636, 21.000000
0, 636, 20.000000
0, 636, 20.000000
0, 635, 20.000000
0, 635, 20.000000
0, 635, 20.000000
0, 635, 20.000000
0, 635, 21.000000
0, 635, 20.000000
0, 635, 20.000000
0, 635, 20.000000
0, 635, 20.000000
0, 635, 20.000000
0, 635, 21.000000
0, 635, 20.000000
0, 634, 20.000000
0, 633, 20.000000
0, 633, 20.000000
0, 633, 20.000000
0, 632, 20.000000
0, 632, 20.000000
0, 632, 20.000000
0, 632, 20.000000
0, 631, 20.000000
0, 631, 20.000000
0, 630, 20.000000
0, 630, 20.000000
0, 629, 20.000000
0, 629, 20.000000
0, 629, 20.000000
0, 629, 19.000000
0, 629, 19.000000
0, 629, 20.000000
0, 629, 20.000000
0, 629, 20.000000
0, 628, 20.000000
0, 628, 20.000000
0, 628, 20.000000
0, 628, 20.000000
0, 628, 19.000000
0, 628, 20.000000
0, 628, 20.000000
0, 628, 20.000000
0, 628, 20.000000
0, 627, 20.000000
0, 627, 20.000000
0, 626, 19.000000
0, 626, 20.000000
0, 626, 20.000000
0, 626, 20.000000
0, 626, 20.000000
0, 626, 19.000000
0, 626, 20.000000
0, 626, 20.000000
0, 626, 20.000000
0, 626, 19.000000
0, 626, 19.000000
0, 626, 20.000000
0, 626, 20.000000
0, 626, 20.000000
0, 626, 19.000000
0, 626, 20.000000
0, 626, 20.000000
0, 626, 20.000000
0, 625, 20.000000
0, 624, 20.000000
0, 624, 19.000000
0, 624, 20.000000
0, 624, 20.000000
0, 623, 19.000000
0, 623, 20.000000
0, 623, 20.000000
0, 623, 19.000000
0, 621, 20.000000
0, 621, 20.000000
0, 619, 19.000000
0, 618, 20.000000
0, 618, 20.000000
0, 617, 19.000000
0, 617, 20.000000
0, 617, 19.000000
0, 617, 20.000000
0, 616, 19.000000
0, 616, 20.000000
0, 616, 19.000000
0, 616, 19.000000
0, 616, 20.000000
0, 615, 19.000000
0, 615, 19.000000
0, 615, 20.000000
0, 615, 19.000000
0, 615, 20.000000
0, 615, 19.000000
0, 615, 20.000000
0, 615, 19.000000
0, 614, 19.000000
0, 614, 20.000000
0, 613, 19.000000
0, 613, 20.000000
0, 613, 19.000000
0, 613, 19.000000
0, 613, 20.000000
0, 613, 19.000000
0, 613, 19.000000
0, 613, 20.000000
0, 611, 19.000000
0, 611, 19.000000
0, 610, 19.000000
0, 610, 19.000000
0, 610, 20.000000
0, 610, 19.000000
0, 609, 19.000000
0, 609, 19.000000
0, 609, 19.000000
0, 609, 20.000000
0, 609, 19.000000
0, 609, 19.000000
0, 609, 19.000000
0, 608, 19.000000
0, 606, 19.000000
0, 606, 19.000000
0, 606, 19.000000
0, 606, 19.000000
0, 606, 19.000000
0, 606, 19.000000
0, 606, 20.000000
0, 605, 19.000000
0, 605, 19.000000
0, 605, 19.000000
0, 605, 19.000000
0, 605, 19.000000
0, 605, 19.000000
0, 605, 19.000000
0, 603, 19.000000
0, 603, 18.000000
0, 603, 19.000000
0, 603, 19.000000
0, 603, 19.000000
0, 603, 19.000000
0, 603, 19.000000
0, 603, 19.000000
0, 603, 19.000000
0, 603, 19.000000
0, 603, 19.000000
0, 603, 19.000000
0, 602, 19.000000
0, 602, 19.000000
0, 602, 19.000000
0, 602, 19.000000
0, 602, 19.000000
0, 602, 18.000000
0, 602, 18.000000
0, 602, 19.000000
0, 602, 18.000000
0, 601, 19.000000
0, 600, 19.000000
0, 600, 19.000000
0, 599, 19.000000
0, 599, 19.000000
0, 599, 18.000000
0, 599, 19.000000
0, 599, 19.000000
0, 599, 19.000000
0, 598, 19.000000
0, 598, 19.000000
0, 598, 18.000000
0, 598, 19.000000
0, 598, 19.000000
0, 598, 19.000000
0, 598, 18.000000
0, 598, 19.000000
0, 598, 19.000000
0, 598, 19.000000
0, 597, 18.000000
0, 597, 19.000000
0, 597, 19.000000
0, 597, 19.000000
0, 596, 18.000000
0, 596, 19.000000
0, 596, 19.000000
0, 596, 18.000000
0, 596, 19.000000
0, 596, 19.000000
0, 596, 19.000000
0, 596, 18.000000
0, 596, 19.000000
0, 594, 18.000000
0, 593, 18.000000
0, 593, 19.000000
0, 593, 18.000000
0, 593, 19.000000
0, 593, 18.000000
0, 592, 19.000000
0, 592, 19.000000
0, 592, 18.000000
0, 592, 19.000000
0, 592, 18.000000
0, 592, 19.000000
0, 592, 19.000000
0, 592, 18.000000
0, 592, 19.000000
0, 592, 18.000000
0, 592, 19.000000
0, 591, 18.000000
0, 591, 19.000000
0, 591, 18.000000
0, 591, 19.000000
0, 591, 18.000000
0, 591, 19.000000
0, 591, 18.000000
0, 591, 19.000000
0, 590, 19.000000
0, 590, 18.000000
0, 590, 19.000000
0, 588, 18.000000
0, 586, 19.000000
0, 586, 18.000000
0, 586, 19.000000
0, 586, 18.000000
0, 586, 18.000000
0, 586, 19.000000
0, 586, 18.000000
0, 586, 18.000000
0, 586, 19.000000
0, 586, 18.000000
0, 586, 18.000000
0, 586, 19.000000
0, 586, 18.000000
0, 586, 18.000000
0, 586, 19.000000
0, 584, 18.000000
0, 584, 18.000000
0, 583, 19.000000
0, 583, 18.000000
0, 582, 18.000000
0, 582, 18.000000
0, 582, 19.000000
0, 581, 18.000000
0, 580, 18.000000
0, 580, 18.000000
0, 580, 18.000000
0, 580, 19.000000
0, 580, 18.000000
0, 580, 18.000000
0, 578, 18.000000
0, 578, 18.000000
0, 578, 18.000000
0, 577, 18.000000
0, 577, 18.000000
0, 577, 18.000000
0, 576, 18.000000
0, 576, 18.000000
0, 575, 19.000000
0, 574, 18.000000
0, 573, 18.000000
0, 573, 17.000000
0, 573, 18.000000
0, 573, 18.000000
0, 573, 18.000000
0, 573, 18.000000
0, 573, 18.000000
0, 573, 18.000000
0, 573, 18.000000
0, 573, 18.000000
0, 573, 18.000000
0, 573, 18.000000
0, 573, 18.000000
0, 573, 18.000000
0, 573, 17.000000
0, 573, 18.000000
0, 573, 18.000000
0, 573, 18.000000
0, 573, 18.000000
0, 573, 18.000000
0, 573, 18.000000
0, 573, 18.000000
0, 573, 18.000000
0, 573, 18.000000
0, 573, 18.000000
0, 572, 17.000000
0, 572, 18.000000
0, 572, 18.000000
0, 572, 18.000000
0, 572, 18.000000
0, 572, 18.000000
0, 572, 18.000000
0, 572, 18.000000
0, 572, 18.000000
0, 572, 18.000000
0, 572, 17.000000
0, 572, 18.000000
0, 571, 18.000000
0, 571, 18.000000
0, 570, 18.000000
0, 570, 18.000000
0, 568, 17.000000
0, 568, 18.000000
0, 568, 18.000000
0, 568, 17.000000
0, 567, 18.000000
0, 567, 18.000000
0, 566, 17.000000
0, 566, 18.000000
0, 565, 18.000000
0, 565, 17.000000
0, 565, 18.000000
0, 565, 18.000000
0, 565, 17.000000
0, 565, 18.000000
0, 564, 18.000000
0, 564, 17.000000
0, 564, 18.000000
0, 563, 17.000000
0, 563, 18.000000
0, 562, 17.000000
0, 562, 18.000000
0, 562, 18.000000
0, 562, 17.000000
0, 562, 18.000000
0, 562, 17.000000
0, 562, 18.000000
0, 562, 17.000000
0, 562, 17.000000
0, 562, 18.000000
0, 562, 17.000000
0, 562, 18.000000
0, 562, 17.000000
0, 562, 18.000000
0, 562, 17.000000
0, 562, 18.000000
0, 562, 17.000000
0, 562, 18.000000
0, 562, 17.000000
0, 562, 18.000000
0, 562, 18.000000
0, 561, 17.000000
0, 560, 18.000000
0, 560, 17.000000
0, 560, 17.000000
0, 559, 18.000000
0, 558, 17.000000
0, 558, 18.000000
0, 557, 17.000000
0, 557, 17.000000
0, 557, 18.000000
0, 557, 17.000000
0, 556, 17.000000
0, 556, 17.000000
0, 556, 17.000000
0, 556, 18.000000
0, 555, 17.000000
0, 555, 17.000000
0, 555, 18.000000
0, 555, 17.000000
0, 555, 17.000000
0, 555, 18.000000
0, 555, 17.000000
0, 555, 18.000000
0, 555, 17.000000
0, 555, 17.000000
0, 555, 18.000000
0, 555, 17.000000
0, 555, 17.000000
0, 555, 18.000000
0, 555, 17.000000
0, 555, 17.000000
0, 555, 17.000000
0, 555, 18.000000
0, 554, 17.000000
0, 554, 17.000000
0, 553, 18.000000
0, 553, 17.000000
0, 553, 17.000000
0, 553, 18.000000
0, 553, 17.000000
0, 553, 17.000000
0, 553, 17.000000
0, 553, 18.000000
0, 553, 17.000000
0, 553, 17.000000
0, 553, 17.000000
0, 553, 18.000000
0, 553, 17.000000
0, 553, 17.000000
0, 553, 17.000000
0, 553, 18.000000
0, 553, 17.000000
0, 553, 17.000000
0, 553, 17.000000
0, 553, 18.000000
0, 553, 17.000000
0, 553, 17.000000
0, 552, 17.000000
0, 552, 18.000000
0, 552, 17.000000
0, 551, 17.000000
0, 551, 17.000000
0, 551, 17.000000
0, 551, 18.000000
0, 551, 17.000000
0, 551, 17.000000
0, 551, 17.000000
0, 551, 17.000000
0, 550, 17.000000
0, 550, 17.000000
0, 550, 18.000000
0, 550, 17.000000
0, 550, 17.000000
0, 550, 17.000000
0, 550, 17.000000
0, 550, 17.000000
0, 550, 17.000000
0, 550, 17.000000
0, 550, 18.000000
0, 550, 17.000000
0, 550, 17.000000
0, 550, 17.000000
0, 550, 17.000000
0, 550, 18.000000
0, 550, 17.000000
0, 550, 17.000000
0, 550, 17.000000
0, 550, 17.000000
0, 550, 17.000000
0, 550, 18.000000
0, 549, 17.000000
0, 549, 17.000000
0, 549, 17.000000
0, 549, 17.000000
0, 549, 17.000000
0, 548, 17.000000
0, 548, 17.000000
0, 548, 18.000000
0, 548, 17.000000
0, 548, 17.000000
0, 548, 17.000000
0, 548, 17.000000
0, 548, 17.000000
0, 548, 17.000000
0, 547, 17.000000
0, 547, 18.000000
0, 547, 17.000000
0, 547, 17.000000
0, 547, 17.000000
0, 547, 17.000000
0, 547, 17.000000
0, 547, 17.000000
0, 547, 17.000000
0, 547, 17.000000
0, 547, 17.000000
0, 547, 17.000000
0, 547, 17.000000
0, 547, 17.000000
0, 547, 17.000000
0, 546, 17.000000
0, 546, 17.000000
0, 545, 17.000000
0, 545, 17.000000
0, 545, 17.000000
0, 545, 17.000000
0, 545, 17.000000
0, 545, 17.000000
0, 545, 17.000000
0, 545, 17.000000
0, 545, 17.000000
0, 545, 17.000000
0, 545, 17.000000
0, 545, 17.000000
0, 545, 17.000000
0, 545, 17.000000
0, 545, 17.000000
0, 544, 16.000000
0, 544, 17.000000
0, 544, 17.000000
0, 544, 17.000000
0, 543, 17.000000
0, 542, 17.000000
0, 542, 17.000000
0, 542, 17.000000
0, 542, 17.000000
0, 541, 17.000000
0, 541, 17.000000
0, 541, 16.000000
0, 541, 17.000000
0, 541, 17.000000
0, 541, 17.000000
0, 541, 17.000000
0, 541, 17.000000
0, 541, 17.000000
0, 541, 17.000000
0, 541, 17.000000
0, 541, 16.000000
0, 541, 17.000000
0, 540, 17.000000
0, 540, 17.000000
0, 540, 17.000000
0, 540, 17.000000
0, 540, 16.000000
0, 540, 17.000000
0, 540, 17.000000
0, 540, 17.000000
0, 540, 17.000000
0, 540, 17.000000
0, 540, 16.000000
0, 540, 17.000000
0, 540, 17.000000
0, 540, 17.000000
0, 540, 17.000000
0, 540, 16.000000
0, 540, 17.000000
0, 540, 17.000000
0, 540, 17.000000
0, 540, 17.000000
0, 539, 16.000000
0, 539, 17.000000
0, 539, 17.000000
0, 539, 17.000000
0, 539, 16.000000
0, 539, 17.000000
0, 538, 17.000000
0, 538, 17.000000
0, 538, 16.000000
0, 538, 17.000000
0, 538, 17.000000
0, 538, 17.000000
0, 538, 16.000000
0, 538, 17.000000
0, 538, 17.000000
0, 537, 17.000000
0, 537, 16.000000
0, 537, 17.000000
0, 537, 17.000000
0, 537, 16.000000
0, 537, 17.000000
0, 537, 17.000000
0, 536, 17.000000
0, 536, 16.000000
0, 536, 17.000000
0, 536, 17.000000
0, 536, 17.000000
0, 536, 16.000000
0, 536, 17.000000
0, 536, 17.000000
0, 536, 17.000000
0, 536, 16.000000
0, 536, 17.000000
0, 536, 17.000000
0, 536, 16.000000
0, 536, 17.000000
0, 536, 17.000000
0, 536, 16.000000
0, 536, 17.000000
0, 536, 17.000000
0, 536, 17.000000
0, 536, 16.000000
0, 536, 17.000000
0, 536, 17.000000
0, 535, 16.000000
0, 535, 17.000000
0, 534, 16.000000
0, 534, 17.000000
0, 534, 17.000000
0, 534, 16.000000
0, 534, 17.000000
0, 532, 17.000000
0, 532, 16.000000
0, 532, 17.000000
0, 532, 16.000000
0, 532, 17.000000
0, 532, 16.000000
0, 532, 17.000000
0, 531, 16.000000
0, 531, 17.000000
0, 530, 16.000000
0, 530, 17.000000
0, 530, 16.000000
0, 530, 17.000000
0, 530, 17.000000
0, 530, 16.000000
0, 530, 17.000000
0, 530, 16.000000
0, 530, 17.000000
0, 530, 16.000000
0, 530, 17.000000
0, 530, 16.000000
0, 530, 17.000000
0, 530, 16.000000
0, 529, 17.000000
0, 529, 16.000000
0, 529, 17.000000
0, 529, 16.000000
0, 529, 16.000000
0, 529, 17.000000
0, 529, 16.000000
0, 528, 17.000000
0, 528, 16.000000
0, 527, 17.000000
0, 527, 16.000000
0, 527, 16.000000
0, 527, 17.000000
0, 527, 16.000000
0, 527, 17.000000
0, 527, 16.000000
0, 527, 16.000000
0, 527, 17.000000
0, 527, 16.000000
0, 527, 17.000000
0, 526, 16.000000
0, 526, 16.000000
0, 526, 17.000000
0, 526, 16.000000
0, 526, 17.000000
0, 526, 16.000000
0, 526, 17.000000
0, 526, 16.000000
0, 526, 16.000000
0, 526, 17.000000
0, 526, 16.000000
0, 526, 16.000000
0, 526, 17.000000
0, 526, 16.000000
0, 525, 17.000000
0, 525, 16.000000
0, 525, 17.000000
0, 525, 16.000000
0, 525, 16.000000
0, 525, 17.000000
0, 525, 16.000000
0, 525, 16.000000
0, 525, 17.000000
0, 524, 16.000000
0, 524, 16.000000
0, 524, 17.000000
0, 524, 16.000000
0, 524, 16.000000
0, 524, 16.000000
0, 524, 17.000000
0, 523, 16.000000
0, 523, 16.000000
0, 522, 17.000000
0, 522, 16.000000
0, 521, 16.000000
0, 521, 16.000000
0, 521, 16.000000
0, 521, 17.000000
0, 521, 16.000000
0, 521, 16.000000
0, 521, 16.000000
0, 521, 16.000000
0, 521, 17.000000
0, 521, 16.000000
0, 521, 16.000000
0, 521, 16.000000
0, 521, 16.000000
0, 520, 17.000000
0, 520, 16.000000
0, 519, 16.000000
0, 519, 16.000000
0, 519, 16.000000
0, 519, 16.000000
0, 519, 17.000000
0, 519, 16.000000
0, 519, 16.000000
0, 519, 16.000000
0, 519, 16.000000
0, 519, 16.000000
0, 519, 17.000000
0, 519, 16.000000
0, 519, 16.000000
0, 519, 16.000000
0, 518, 16.000000
0, 518, 16.000000
0, 518, 16.000000
0, 518, 17.000000
0, 518, 16.000000
0, 518, 16.000000
0, 518, 16.000000
0, 518, 16.000000
0, 518, 16.000000
0, 518, 16.000000
0, 518, 17.000000
0, 518, 16.000000
0, 518, 16.000000
0, 518, 16.000000
0, 518, 16.000000
0, 518, 16.000000
0, 517, 16.000000
0, 517, 16.000000
0, 517, 17.000000
0, 517, 16.000000
0, 517, 16.000000
0, 517, 16.000000
0, 517, 16.000000
0, 517, 16.000000
0, 517, 16.000000
0, 517, 16.000000
0, 517, 16.000000
0, 517, 16.000000
0, 516, 16.000000
0, 516, 16.000000
0, 516, 16.000000
0, 516, 16.000000
0, 516, 16.000000
0, 516, 16.000000
0, 515, 16.000000
0, 515, 16.000000
0, 515, 16.000000
0, 515, 16.000000
0, 515, 16.000000
0, 515, 16.000000
0, 515, 16.000000
0, 514, 16.000000
0, 514, 16.000000
0, 514, 16.000000
0, 514, 16.000000
0, 514, 16.000000
0, 514, 16.000000
0, 514, 16.000000
0, 514, 16.000000
0, 514, 16.000000
0, 514, 16.000000
0, 514, 16.000000
0, 514, 16.000000
0, 514, 16.000000
0, 514, 16.000000
0, 514, 16.000000
0, 514, 16.000000
0, 514, 16.000000
0, 514, 16.000000
0, 514, 16.000000
0, 514, 16.000000
0, 514, 16.000000
0, 514, 16.000000
0, 514, 16.000000
0, 514, 16.000000
0, 514, 16.000000
0, 514, 16.000000
0, 514, 16.000000
0, 514, 16.000000
0, 514, 16.000000
0, 514, 16.000000
0, 514, 16.000000
0, 514, 16.000000
0, 513, 16.000000
0, 513, 16.000000
0, 513, 16.000000
0, 513, 16.000000
0, 513, 16.000000
0, 513, 16.000000
0, 513, 16.000000
0, 513, 16.000000
0, 513, 16.000000
0, 513, 16.000000
0, 513, 16.000000
0, 513, 16.000000
0, 513, 16.000000
0, 513, 16.000000
0, 513, 16.000000
0, 512, 16.000000
0, 512, 16.000000
0, 512, 16.000000
0, 512, 16.000000
0, 512, 16.000000
0, 512, 15.000000
0, 512, 15.000000
0, 512, 16.000000
0, 512, 16.000000
0, 512, 16.000000
0, 512, 16.000000
0, 512, 16.000000
0, 512, 16.000000
0, 512, 16.000000
0, 512, 16.000000
0, 512, 16.000000
0, 512, 16.000000
0, 512, 16.000000
0, 512, 16.000000
0, 512, 16.000000
0, 512, 16.000000
0, 512, 16.000000
0, 512, 15.000000
0, 512, 16.000000
0, 512, 16.000000
0, 512, 16.000000
0, 512, 16.000000
0, 512, 16.000000
0, 512, 16.000000
0, 512, 16.000000
0, 512, 16.000000
0, 512, 16.000000
0, 511, 16.000000
0, 511, 16.000000
0, 511, 16.000000
0, 511, 16.000000
0, 511, 16.000000
0, 511, 16.000000
0, 511, 16.000000
0, 511, 16.000000
0, 511, 16.000000
0, 511, 16.000000
0, 511, 16.000000
0, 511, 16.000000
0, 511, 15.000000
0, 511, 15.000000
0, 511, 16.000000
0, 511, 16.000000
0, 511, 16.000000
0, 511, 16.000000
0, 510, 16.000000
0, 510, 16.000000
0, 510, 16.000000
0, 510, 16.000000
0, 510, 15.000000
0, 510, 16.000000
0, 510, 16.000000
0, 510, 16.000000
0, 510, 16.000000
0, 510, 16.000000
0, 510, 16.000000
0, 510, 15.000000
0, 510, 15.000000
0, 510, 16.000000
0, 510, 16.000000
0, 510, 16.000000
0, 510, 16.000000
0, 510, 16.000000
0, 510, 16.000000
0, 510, 16.000000
0, 509, 15.000000
0, 509, 16.000000
0, 509, 16.000000
0, 509, 16.000000
0, 509, 16.000000
0, 509, 16.000000
0, 509, 16.000000
0, 509, 15.000000
0, 509, 16.000000
0, 509, 16.000000
0, 509, 16.000000
0, 509, 16.000000
0, 509, 16.000000
0, 509, 15.000000
0, 509, 16.000000
0, 509, 16.000000
0, 509, 16.000000
0, 509, 16.000000
0, 509, 16.000000
0, 509, 16.000000
0, 509, 15.000000
0, 509, 16.000000
0, 509, 16.000000
0, 509, 16.000000
0, 509, 16.000000
0, 509, 16.000000
0, 509, 16.000000
0, 509, 15.000000
0, 509, 16.000000
0, 509, 16.000000
0, 509, 16.000000
0, 509, 16.000000
0, 509, 16.000000
0, 509, 16.000000
0, 509, 15.000000
0, 509, 16.000000
0, 509, 16.000000
0, 509, 16.000000
0, 509, 16.000000
0, 509, 16.000000
0, 509, 16.000000
0, 509, 15.000000
0, 508, 16.000000
0, 508, 16.000000
0, 508, 16.000000
0, 507, 16.000000
0, 507, 15.000000
0, 507, 16.000000
0, 507, 16.000000
0, 507, 16.000000
0, 507, 16.000000
0, 507, 16.000000
0, 507, 16.000000
0, 507, 15.000000
0, 507, 16.000000
0, 507, 16.000000
0, 507, 16.000000
0, 507, 16.000000
0, 506, 16.000000
0, 506, 15.000000
0, 506, 16.000000
0, 506, 16.000000
0, 506, 16.000000
0, 506, 15.000000
0, 506, 16.000000
0, 506, 16.000000
0, 506, 16.000000
0, 506, 15.000000
0, 506, 16.000000
0, 506, 16.000000
0, 506, 16.000000
0, 506, 15.000000
0, 506, 16.000000
0, 506, 16.000000
0, 506, 16.000000
0, 506, 15.000000
0, 506, 16.000000
0, 505, 16.000000
0, 505, 15.000000
0, 505, 16.000000
0, 505, 16.000000
0, 505, 16.000000
0, 505, 15.000000
0, 505, 16.000000
0, 505, 16.000000
0, 505, 16.000000
0, 505, 16.000000
0, 504, 16.000000
0, 504, 15.000000
0, 504, 16.000000
0, 504, 16.000000
0, 504, 16.000000
0, 504, 15.000000
0, 504, 16.000000
0, 504, 16.000000
0, 504, 15.000000
0, 504, 16.000000
0, 504, 16.000000
0, 504, 16.000000
0, 504, 15.000000
0, 504, 16.000000
0, 504, 16.000000
0, 504, 15.000000
0, 504, 16.000000
0, 504, 16.000000
0, 503, 16.000000
0, 503, 15.000000
0, 503, 16.000000
0, 503, 16.000000
0, 503, 15.000000
0, 503, 16.000000
0, 503, 16.000000
0, 503, 16.000000
0, 503, 15.000000
0, 503, 16.000000
0, 503, 16.000000
0, 502, 15.000000
0, 502, 16.000000
0, 502, 16.000000
0, 502, 15.000000
0, 502, 16.000000
0, 501, 15.000000
0, 501, 16.000000
0, 501, 16.000000
0, 501, 15.000000
0, 501, 16.000000
0, 501, 15.000000
0, 501, 16.000000
0, 501, 16.000000
0, 501, 15.000000
0, 501, 16.000000
0, 501, 15.000000
0, 501, 16.000000
0, 501, 16.000000
0, 501, 15.000000
0, 500, 16.000000
0, 500, 15.000000
0, 500, 16.000000
0, 500, 16.000000
0, 500, 15.000000
0, 499, 16.000000
0, 499, 15.000000
0, 498, 16.000000
0, 498, 15.000000
0, 498, 16.000000
0, 498, 15.000000
0, 498, 16.000000
0, 498, 15.000000
0, 498, 16.000000
0, 498, 16.000000
0, 498, 15.000000
0, 498, 16.000000
0, 498, 15.000000
0, 498, 16.000000
0, 498, 15.000000
0, 498, 16.000000
0, 498, 15.000000
0, 498, 16.000000
0, 498, 16.000000
0, 498, 15.000000
0, 498, 16.000000
0, 498, 16.000000
0, 498, 15.000000
0, 498, 16.000000
0, 498, 15.000000
0, 498, 16.000000
0, 498, 15.000000
0, 498, 16.000000
0, 498, 15.000000
0, 498, 16.000000
0, 498, 15.000000
0, 498, 16.000000
0, 498, 15.000000
0, 498, 16.000000
0, 498, 15.000000
0, 498, 16.000000
0, 498, 15.000000
0, 498, 16.000000
0, 498, 15.000000
0, 498, 16.000000
0, 498, 15.000000
0, 498, 16.000000
0, 498, 15.000000
0, 498, 16.000000
0, 498, 16.000000
0, 498, 15.000000
0, 498, 16.000000
0, 498, 15.000000
0, 498, 16.000000
0, 498, 15.000000
0, 498, 16.000000
0, 498, 15.000000
0, 498, 16.000000
0, 498, 15.000000
0, 498, 16.000000
0, 498, 15.000000
0, 498, 16.000000
0, 498, 15.000000
0, 498, 16.000000
0, 498, 15.000000
0, 498, 16.000000
0, 496, 15.000000
0, 496, 16.000000
0, 496, 15.000000
0, 496, 16.000000
0, 496, 15.000000
0, 496, 16.000000
0, 495, 15.000000
0, 495, 15.000000
0, 495, 16.000000
0, 495, 15.000000
0, 495, 16.000000
0, 495, 15.000000
0, 495, 16.000000
0, 495, 15.000000
0, 495, 15.000000
0, 494, 16.000000
0, 494, 15.000000
0, 493, 16.000000
0, 493, 15.000000
0, 493, 15.000000
0, 493, 16.000000
0, 493, 15.000000
0, 493, 15.000000
0, 493, 15.000000
0, 493, 15.000000
0, 493, 16.000000
0, 493, 15.000000
0, 493, 16.000000
0, 492, 15.000000
0, 492, 15.000000
0, 492, 16.000000
0, 492, 15.000000
0, 492, 15.000000
0, 492, 16.000000
0, 492, 15.000000
0, 491, 15.000000
0, 491, 16.000000
0, 491, 15.000000
0, 491, 15.000000
0, 491, 15.000000
0, 491, 16.000000
0, 491, 15.000000
0, 491, 15.000000
0, 491, 16.000000
0, 491, 15.000000
0, 491, 15.000000
0, 491, 16.000000
0, 491, 15.000000
0, 490, 15.000000
0, 490, 16.000000
0, 489, 15.000000
0, 489, 15.000000
0, 489, 15.000000
0, 489, 16.000000
0, 489, 15.000000
0, 489, 15.000000
0, 489, 15.000000
0, 489, 16.000000
0, 489, 15.000000
0, 489, 15.000000
0, 489, 15.000000
0, 489, 16.000000
0, 489, 15.000000
0, 489, 15.000000
0, 489, 15.000000
0, 488, 15.000000
0, 488, 16.000000
0, 488, 15.000000
0, 488, 15.000000
0, 488, 16.000000
0, 488, 15.000000
0, 488, 15.000000
0, 488, 15.000000
0, 488, 15.000000
0, 488, 16.000000
0, 488, 15.000000
0, 488, 15.000000
0, 488, 16.000000
0, 488, 15.000000
0, 488, 15.000000
0, 488, 15.000000
0, 488, 16.000000
0, 488, 15.000000
0, 488, 15.000000
0, 488, 15.000000
0, 488, 15.000000
0, 488, 16.000000
0, 488, 15.000000
0, 488, 15.000000
0, 488, 15.000000
0, 488, 16.000000
0, 488, 15.000000
0, 488, 15.000000
0, 488, 16.000000
0, 488, 15.000000
0, 488, 16.000000
0, 488, 15.000000
0, 488, 15.000000
0, 488, 16.000000
0, 488, 15.000000
0, 488, 15.000000
0, 488, 15.000000
0, 488, 15.000000
0, 488, 16.000000
0, 488, 15.000000
0, 488, 15.000000
0, 488, 15.000000
0, 488, 16.000000
0, 488, 15.000000
0, 488, 15.000000
0, 488, 15.000000
0, 488, 16.000000
0, 488, 15.000000
0, 488, 15.000000
0, 488, 15.000000
0, 488, 15.000000
0, 488, 16.000000
0, 488, 15.000000
0, 488, 15.000000
0, 488, 15.000000
0, 488, 16.000000
0, 488, 15.000000
0, 488, 15.000000
0, 488, 15.000000
0, 488, 15.000000
0, 488, 16.000000
0, 488, 15.000000
0, 488, 15.000000
0, 488, 15.000000
0, 488, 16.000000
0, 488, 15.000000
0, 488, 15.000000
0, 488, 15.000000
0, 488, 15.000000
0, 488, 16.000000
0, 488, 15.000000
0, 488, 15.000000
0, 488, 15.000000
0, 488, 16.000000
0, 487, 15.000000
0, 487, 15.000000
0, 487, 15.000000
0, 487, 15.000000
0, 487, 15.000000
0, 487, 15.000000
0, 487, 15.000000
0, 487, 15.000000
0, 487, 16.000000
0, 487, 15.000000
0, 487, 15.000000
0, 487, 15.000000
0, 487, 16.000000
0, 486, 15.000000
0, 485, 15.000000
0, 485, 15.000000
0, 485, 15.000000
0, 485, 16.000000
0, 485, 15.000000
0, 485, 15.000000
0, 485, 15.000000
0, 485, 15.000000
0, 483, 15.000000
0, 483, 16.000000
0, 483, 15.000000
0, 483, 15.000000
0, 483, 15.000000
0, 483, 15.000000
0, 483, 15.000000
0, 483, 15.000000
0, 483, 15.000000
0, 483, 15.000000
0, 483, 15.000000
0, 483, 15.000000
0, 483, 15.000000
0, 483, 15.000000
0, 483, 15.000000
0, 483, 15.000000
0, 483, 15.000000
0, 483, 15.000000
0, 483, 15.000000
0, 483, 15.000000
0, 483, 15.000000
0, 483, 16.000000
0, 483, 15.000000
0, 483, 15.000000
0, 483, 15.000000
0, 483, 15.000000
0, 483, 15.000000
0, 483, 15.000000
0, 483, 15.000000
0, 483, 15.000000
0, 483, 15.000000
0, 483, 16.000000
0, 483, 15.000000
0, 481, 15.000000
0, 481, 15.000000
0, 480, 15.000000
0, 480, 15.000000
0, 480, 15.000000
0, 480, 15.000000
0, 480, 15.000000
0, 480, 15.000000
0, 480, 15.000000
0, 480, 15.000000
0, 480, 15.000000
0, 480, 15.000000
0, 480, 15.000000
0, 479, 15.000000
0, 479, 15.000000
0, 479, 15.000000
0, 479, 15.000000
0, 479, 15.000000
0, 479, 15.000000
0, 479, 15.000000
0, 479, 15.000000
0, 479, 15.000000
0, 479, 15.000000
0, 479, 15.000000
0, 479, 15.000000
0, 479, 15.000000
0, 479, 15.000000
0, 478, 15.000000
0, 477, 15.000000
0, 477, 15.000000
0, 477, 15.000000
0, 477, 15.000000
0, 477, 15.000000
0, 476, 15.000000
0, 476, 15.000000
0, 476, 15.000000
0, 476, 14.000000
0, 476, 15.000000
0, 476, 15.000000
0, 476, 15.000000
0, 476, 15.000000
0, 476, 15.000000
0, 476, 15.000000
0, 476, 15.000000
0, 476, 15.000000
0, 476, 15.000000
0, 476, 14.000000
0, 476, 15.000000
0, 476, 15.000000
0, 476, 15.000000
0, 476, 15.000000
0, 476, 15.000000
0, 476, 15.000000
0, 476, 15.000000
0, 476, 15.000000
0, 476, 15.000000
0, 476, 14.000000
0, 476, 15.000000
0, 476, 15.000000
0, 476, 15.000000
0, 476, 15.000000
0, 476, 15.000000
0, 476, 15.000000
0, 476, 15.000000
0, 476, 14.000000
0, 476, 15.000000
0, 476, 15.000000
0, 475, 15.000000
0, 475, 15.000000
0, 475, 15.000000
0, 475, 15.000000
0, 475, 15.000000
0, 475, 14.000000
0, 475, 15.000000
0, 475, 15.000000
0, 475, 15.000000
0, 475, 15.000000
0, 474, 15.000000
0, 474, 14.000000
0, 474, 15.000000
0, 474, 15.000000
0, 474, 15.000000
0, 474, 15.000000
0, 474, 15.000000
0, 474, 15.000000
0, 474, 15.000000
0, 474, 14.000000
0, 473, 15.000000
0, 473, 15.000000
0, 472, 15.000000
0, 472, 15.000000
0, 472, 14.000000
0, 472, 15.000000
0, 472, 15.000000
0, 472, 15.000000
0, 472, 15.000000
0, 472, 15.000000
0, 472, 15.000000
0, 472, 15.000000
0, 472, 15.000000
0, 472, 14.000000
0, 472, 15.000000
0, 472, 15.000000
0, 472, 15.000000
0, 472, 14.000000
0, 472, 15.000000
0, 472, 15.000000
0, 472, 15.000000
0, 472, 14.000000
0, 472, 15.000000
0, 472, 15.000000
0, 472, 15.000000
0, 472, 15.000000
0, 472, 15.000000
0, 472, 15.000000
0, 472, 15.000000
0, 471, 15.000000
0, 471, 14.000000
0, 471, 15.000000
0, 471, 15.000000
0, 471, 15.000000
0, 471, 14.000000
0, 471, 15.000000
0, 471, 15.000000
0, 471, 15.000000
0, 471, 14.000000
0, 470, 15.000000
0, 470, 15.000000
0, 470, 14.000000
0, 470, 15.000000
0, 470, 15.000000
0, 469, 15.000000
0, 469, 14.000000
0, 469, 15.000000
0, 469, 15.000000
0, 469, 14.000000
0, 469, 15.000000
0, 469, 15.000000
0, 469, 14.000000
0, 469, 15.000000
0, 469, 15.000000
0, 469, 14.000000
0, 469, 15.000000
0, 468, 15.000000
0, 468, 14.000000
0, 468, 15.000000
0, 468, 15.000000
0, 468, 14.000000
0, 467, 15.000000
0, 467, 15.000000
0, 467, 14.000000
0, 467, 15.000000
0, 467, 15.000000
0, 467, 14.000000
0, 467, 15.000000
0, 466, 15.000000
0, 466, 14.000000
0, 466, 15.000000
0, 466, 14.000000
0, 466, 15.000000
0, 466, 15.000000
0, 466, 14.000000
0, 466, 15.000000
0, 466, 14.000000
0, 466, 15.000000
0, 466, 15.000000
0, 466, 14.000000
0, 466, 15.000000
0, 466, 15.000000
0, 466, 14.000000
0, 466, 15.000000
0, 466, 14.000000
0, 466, 15.000000
0, 466, 15.000000
0, 466, 14.000000
0, 466, 15.000000
0, 466, 14.000000
0, 466, 15.000000
0, 466, 15.000000
0, 465, 14.000000
0, 465, 15.000000
0, 465, 14.000000
0, 465, 15.000000
0, 465, 15.000000
0, 465, 14.000000
0, 465, 15.000000
0, 465, 14.000000
0, 465, 15.000000
0, 465, 15.000000
0, 465, 14.000000
0, 465, 15.000000
0, 465, 14.000000
0, 465, 15.000000
0, 465, 14.000000
0, 465, 15.000000
0, 465, 15.000000
0, 465, 14.000000
0, 465, 15.000000
0, 465, 14.000000
0, 465, 15.000000
0, 465, 14.000000
0, 465, 15.000000
0, 465, 15.000000
0, 465, 14.000000
0, 465, 15.000000
0, 465, 14.000000
0, 465, 15.000000
0, 465, 14.000000
0, 465, 15.000000
0, 465, 15.000000
0, 465, 15.000000
0, 465, 14.000000
0, 465, 15.000000
0, 465, 14.000000
0, 465, 15.000000
0, 465, 14.000000
0, 465, 15.000000
0, 465, 15.000000
0, 465, 14.000000
0, 464, 15.000000
0, 464, 14.000000
0, 464, 15.000000
0, 464, 15.000000
0, 464, 14.000000
0, 464, 15.000000
0, 464, 14.000000
0, 463, 15.000000
0, 463, 14.000000
0, 463, 15.000000
0, 463, 14.000000
0, 463, 15.000000
0, 463, 14.000000
0, 463, 15.000000
0, 462, 14.000000
0, 462, 15.000000
0, 462, 14.000000
0, 462, 15.000000
0, 461, 14.000000
0, 461, 15.000000
0, 461, 14.000000
0, 461, 15.000000
0, 460, 14.000000
0, 460, 15.000000
0, 460, 14.000000
0, 460, 15.000000
0, 460, 14.000000
0, 460, 14.000000
0, 460, 15.000000
0, 460, 14.000000
0, 460, 15.000000
0, 460, 14.000000
0, 460, 15.000000
0, 460, 14.000000
0, 460, 15.000000
0, 460, 14.000000
0, 460, 14.000000
0, 460, 15.000000
0, 460, 14.000000
0, 460, 15.000000
0, 460, 14.000000
0, 460, 15.000000
0, 460, 14.000000
0, 460, 15.000000
0, 460, 15.000000
0, 460, 14.000000
0, 460, 14.000000
0, 460, 15.000000
0, 460, 14.000000
0, 459, 15.000000
0, 459, 14.000000
0, 458, 14.000000
0, 458, 15.000000
0, 458, 14.000000
0, 458, 15.000000
0, 458, 14.000000
0, 458, 14.000000
0, 458, 15.000000
0, 458, 14.000000
0, 458, 14.000000
0, 458, 14.000000
0, 458, 14.000000
0, 458, 15.000000
0, 457, 14.000000
0, 457, 14.000000
0, 457, 15.000000
0, 457, 14.000000
0, 457, 14.000000
0, 457, 15.000000
0, 457, 14.000000
0, 457, 15.000000
0, 457, 14.000000
0, 457, 14.000000
0, 457, 15.000000
0, 457, 14.000000
0, 457, 14.000000
0, 457, 15.000000
0, 457, 14.000000
0, 457, 14.000000
0, 457, 14.000000
0, 457, 14.000000
0, 457, 15.000000
0, 457, 14.000000
0, 457, 14.000000
0, 457, 15.000000
0, 457, 14.000000
0, 457, 14.000000
0, 457, 15.000000
0, 457, 14.000000
0, 457, 15.000000
0, 457, 14.000000
0, 457, 14.000000
0, 457, 15.000000
0, 457, 14.000000
0, 457, 14.000000
0, 457, 15.000000
0, 457, 14.000000
0, 457, 14.000000
0, 457, 15.000000
0, 457, 14.000000
0, 457, 15.000000
0, 457, 14.000000
0, 457, 14.000000
0, 457, 15.000000
0, 457, 14.000000
0, 457, 14.000000
0, 457, 15.000000
0, 457, 14.000000
0, 457, 15.000000
0, 457, 14.000000
0, 457, 14.000000
0, 457, 15.000000
0, 457, 14.000000
0, 457, 14.000000
0, 457, 15.000000
0, 457, 14.000000
0, 457, 14.000000
0, 457, 15.000000
0, 457, 14.000000
0, 457, 14.000000
0, 457, 15.000000
0, 457, 14.000000
0, 457, 14.000000
0, 457, 15.000000
0, 457, 14.000000
0, 457, 15.000000
0, 457, 14.000000
0, 457, 14.000000
0, 457, 15.000000
0, 457, 14.000000
0, 457, 14.000000
0, 457, 15.000000
0, 457, 14.000000
0, 457, 14.000000
0, 457, 15.000000
0, 457, 14.000000
0, 457, 14.000000
0, 457, 15.000000
0, 457, 14.000000
0, 457, 15.000000
0, 457, 14.000000
0, 457, 14.000000
0, 457, 15.000000
0, 457, 14.000000
0, 457, 14.000000
0, 457, 15.000000
0, 457, 14.000000
0, 457, 14.000000
0, 457, 15.000000
0, 457, 14.000000
0, 457, 15.000000
0, 457, 14.000000
0, 457, 14.000000
0, 457, 15.000000
0, 457, 14.000000
0, 457, 14.000000
0, 457, 15.000000
0, 457, 14.000000
0, 457, 15.000000
0, 457, 14.000000
0, 457, 14.000000
0, 457, 15.000000
0, 457, 14.000000
0, 457, 15.000000
0, 457, 14.000000
0, 457, 14.000000
0, 457, 15.000000
0, 457, 14.000000
0, 457, 15.000000
0, 457, 14.000000
0, 457, 14.000000
0, 457, 15.000000
0, 457, 14.000000
0, 457, 14.000000
0, 457, 15.000000
0, 457, 14.000000
0, 457, 15.000000
0, 457, 14.000000
0, 457, 14.000000
0, 457, 15.000000
0, 457, 14.000000
0, 457, 14.000000
0, 457, 15.000000
0, 456, 14.000000
0, 456, 14.000000
0, 456, 15.000000
0, 456, 14.000000
0, 456, 14.000000
0, 455, 15.000000
0, 455, 14.000000
0, 455, 14.000000
0, 455, 14.000000
0, 455, 14.000000
0, 455, 14.000000
0, 455, 14.000000
0, 455, 15.000000
0, 455, 14.000000
0, 455, 14.000000
0, 455, 15.000000
0, 455, 14.000000
0, 455, 14.000000
0, 455, 15.000000
0, 455, 14.000000
0, 455, 14.000000
0, 455, 14.000000
0, 455, 15.000000
0, 455, 14.000000
0, 455, 14.000000
0, 455, 15.000000
0, 455, 14.000000
0, 455, 14.000000
0, 455, 15.000000
0, 455, 14.000000
0, 455, 14.000000
0, 455, 15.000000
0, 455, 14.000000
0, 455, 15.000000
0, 455, 14.000000
0, 455, 14.000000
0, 455, 15.000000
0, 455, 14.000000
0, 455, 14.000000
0, 454, 15.000000
0, 454, 14.000000
0, 454, 14.000000
0, 454, 15.000000
0, 453, 14.000000
0, 453, 14.000000
0, 453, 15.000000
0, 453, 14.000000
0, 453, 14.000000
0, 453, 14.000000
0, 453, 14.000000
0, 453, 14.000000
0, 453, 14.000000
0, 453, 14.000000
0, 453, 15.000000
0, 453, 14.000000
0, 453, 14.000000
0, 453, 14.000000
0, 453, 15.000000
0, 453, 14.000000
0, 453, 14.000000
0, 453, 14.000000
0, 453, 14.000000
0, 453, 15.000000
0, 453, 14.000000
0, 453, 14.000000
0, 453, 14.000000
0, 453, 15.000000
0, 453, 14.000000
0, 453, 14.000000
0, 453, 14.000000
0, 453, 15.000000
0, 453, 14.000000
0, 453, 14.000000
0, 453, 14.000000
0, 453, 15.000000
0, 453, 14.000000
0, 453, 14.000000
0, 453, 14.000000
0, 453, 15.000000
0, 453, 14.000000
0, 453, 14.000000
0, 453, 14.000000
0, 453, 15.000000
0, 453, 14.000000
0, 453, 14.000000
0, 453, 14.000000
0, 453, 15.000000
0, 453, 14.000000
0, 453, 14.000000
0, 453, 14.000000
0, 453, 15.000000
0, 453, 14.000000
0, 453, 14.000000
0, 453, 14.000000
0, 453, 15.000000
0, 453, 14.000000
0, 453, 14.000000
0, 453, 15.000000
0, 453, 14.000000
0, 453, 14.000000
0, 453, 14.000000
0, 453, 15.000000
0, 453, 14.000000
0, 453, 14.000000
0, 453, 14.000000
0, 453, 15.000000
0, 452, 14.000000
0, 452, 14.000000
0, 452, 14.000000
0, 452, 15.000000
0, 452, 14.000000
0, 452, 14.000000
0, 452, 14.000000
0, 451, 15.000000
0, 451, 14.000000
0, 451, 14.000000
0, 451, 14.000000
0, 451, 14.000000
0, 451, 15.000000
0, 451, 14.000000
0, 451, 14.000000
0, 451, 14.000000
0, 451, 14.000000
0, 451, 14.000000
0, 451, 15.000000
0, 451, 14.000000
0, 451, 14.000000
0, 451, 14.000000
0, 451, 14.000000
0, 451, 15.000000
0, 451, 14.000000
0, 451, 14.000000
0, 451, 14.000000
0, 451, 14.000000
0, 451, 15.000000
0, 451, 14.000000
0, 451, 14.000000
0, 451, 14.000000
0, 451, 15.000000
0, 451, 14.000000
0, 451, 14.000000
0, 451, 14.000000
0, 451, 14.000000
0, 451, 14.000000
0, 450, 15.000000
0, 450, 14.000000
0, 450, 14.000000
0, 450, 14.000000
0, 450, 14.000000
0, 450, 14.000000
0, 450, 15.000000
0, 450, 14.000000
0, 450, 14.000000
0, 450, 14.000000
0, 450, 14.000000
0, 450, 14.000000
0, 450, 15.000000
0, 450, 14.000000
0, 450, 14.000000
0, 450, 14.000000
0, 449, 14.000000
0, 449, 14.000000
0, 449, 15.000000
0, 449, 14.000000
0, 449, 14.000000
0, 449, 14.000000
0, 449, 14.000000
0, 449, 14.000000
0, 449, 15.000000
0, 449, 14.000000
0, 449, 14.000000
0, 449, 14.000000
0, 449, 14.000000
0, 449, 14.000000
0, 449, 15.000000
0, 449, 14.000000
0, 449, 14.000000
0, 449, 14.000000
0, 448, 14.000000
0, 448, 14.000000
0, 448, 15.000000
0, 448, 14.000000
0, 448, 14.000000
0, 448, 14.000000
0, 448, 15.000000
0, 448, 14.000000
0, 447, 14.000000
0, 447, 14.000000
0, 447, 14.000000
0, 447, 14.000000
0, 447, 14.000000
0, 447, 14.000000
0, 447, 14.000000
0, 447, 14.000000
0, 447, 14.000000
0, 447, 14.000000
0, 447, 15.000000
0, 447, 14.000000
0, 447, 14.000000
0, 447, 14.000000
0, 447, 14.000000
0, 447, 14.000000
0, 447, 14.000000
0, 447, 14.000000
0, 447, 14.000000
0, 447, 14.000000
0, 447, 15.000000
0, 447, 14.000000
0, 447, 14.000000
0, 447, 14.000000
0, 447, 14.000000
0, 447, 14.000000
0, 447, 14.000000
0, 446, 14.000000
0, 446, 14.000000
0, 446, 14.000000
0, 446, 14.000000
0, 446, 14.000000
0, 446, 14.000000
0, 446, 14.000000
0, 446, 14.000000
0, 446, 14.000000
0, 446, 14.000000
0, 446, 14.000000
0, 446, 14.000000
0, 446, 14.000000
0, 446, 14.000000
0, 446, 14.000000
0, 446, 14.000000
0, 446, 14.000000
0, 446, 14.000000
0, 446, 14.000000
0, 446, 14.000000
0, 446, 14.000000
0, 446, 14.000000
0, 446, 14.000000
0, 446, 15.000000
0, 446, 14.000000
0, 446, 14.000000
0, 446, 14.000000
0, 446, 14.000000
0, 446, 14.000000
0, 446, 14.000000
0, 446, 14.000000
0, 446, 14.000000
0, 446, 14.000000
0, 446, 15.000000
0, 446, 14.000000
0, 446, 14.000000
0, 446, 14.000000
0, 446, 14.000000
0, 446, 14.000000
0, 446, 14.000000
0, 446, 14.000000
0, 446, 14.000000
0, 446, 14.000000
0, 446, 15.000000
0, 446, 14.000000
0, 446, 14.000000
0, 446, 14.000000
0, 446, 14.000000
0, 446, 14.000000
0, 446, 14.000000
0, 446, 14.000000
0, 445, 14.000000
0, 445, 14.000000
0, 445, 14.000000
0, 445, 14.000000
0, 445, 14.000000
0, 445, 14.000000
0, 445, 14.000000
0, 445, 14.000000
0, 445, 14.000000
0, 445, 14.000000
0, 445, 14.000000
0, 445, 15.000000
0, 445, 14.000000
0, 445, 14.000000
0, 445, 14.000000
0, 445, 14.000000
0, 445, 14.000000
0, 445, 14.000000
0, 444, 14.000000
0, 444, 14.000000
0, 444, 14.000000
0, 444, 14.000000
0, 444, 14.000000
0, 444, 14.000000
0, 444, 14.000000
0, 444, 14.000000
0, 444, 14.000000
0, 444, 14.000000
0, 444, 14.000000
0, 444, 14.000000
0, 444, 14.000000
0, 444, 14.000000
0, 444, 14.000000
0, 444, 14.000000
0, 444, 14.000000
0, 444, 14.000000
0, 444, 14.000000
0, 444, 14.000000
0, 444, 14.000000
0, 444, 14.000000
0, 444, 14.000000
0, 444, 14.000000
0, 443, 14.000000
0, 443, 14.000000
0, 442, 14.000000
0, 442, 14.000000
0, 442, 14.000000
0, 442, 14.000000
0, 442, 14.000000
0, 442, 14.000000
0, 442, 14.000000
0, 442, 14.000000
0, 442, 14.000000
0, 442, 14.000000
0, 442, 14.000000
0, 442, 14.000000
0, 442, 14.000000
0, 442, 14.000000
0, 442, 14.000000
0, 442, 13.000000
0, 442, 14.000000
0, 442, 14.000000
0, 442, 14.000000
0, 442, 14.000000
0, 442, 14.000000
0, 442, 14.000000
0, 442, 14.000000
0, 442, 14.000000
0, 442, 14.000000
0, 442, 14.000000
0, 442, 14.000000
0, 442, 14.000000
0, 442, 14.000000
0, 442, 14.000000
0, 442, 14.000000
0, 442, 14.000000
0, 442, 14.000000
0, 442, 14.000000
0, 442, 14.000000
0, 442, 14.000000
0, 442, 13.000000
0, 442, 14.000000
0, 442, 14.000000
0, 442, 14.000000
0, 442, 14.000000
0, 442, 14.000000
0, 442, 14.000000
0, 442, 14.000000
0, 442, 14.000000
0, 442, 14.000000
0, 442, 14.000000
0, 442, 14.000000
0, 442, 14.000000
0, 442, 14.000000
0, 442, 14.000000
0, 442, 14.000000
0, 442, 14.000000
0, 442, 14.000000
0, 442, 14.000000
0, 442, 14.000000
0, 442, 14.000000
0, 442, 14.000000
0, 442, 14.000000
0, 442, 14.000000
0, 442, 14.000000
0, 442, 14.000000
0, 442, 14.000000
0, 442, 14.000000
0, 442, 14.000000
0, 442, 14.000000
0, 442, 14.000000
0, 442, 14.000000
0, 442, 13.000000
0, 442, 14.000000
0, 442, 14.000000
0, 442, 14.000000
0, 442, 14.000000
0, 442, 14.000000
0, 442, 14.000000
0, 442, 14.000000
0, 442, 14.000000
0, 442, 14.000000
0, 442, 14.000000
0, 442, 14.000000
0, 442, 14.000000
0, 442, 14.000000
0, 442, 14.000000
0, 442, 14.000000
0, 442, 14.000000
0, 442, 14.000000
0, 442, 14.000000
0, 442, 14.000000
0, 442, 14.000000
0, 442, 14.000000
0, 442, 14.000000
0, 442, 14.000000
0, 442, 14.000000
0, 442, 14.000000
0, 442, 14.000000
0, 442, 14.000000
0, 442, 14.000000
0, 442, 14.000000
0, 442, 14.000000
0, 442, 14.000000
0, 442, 14.000000
0, 442, 14.000000
0, 442, 14.000000
0, 442, 14.000000
0, 442, 14.000000
0, 442, 14.000000
0, 442, 14.000000
0, 442, 14.000000
0, 442, 14.000000
0, 442, 13.000000
0, 442, 15.000000
0, 442, 14.000000
0, 442, 14.000000
0, 442, 14.000000
0, 442, 14.000000
0, 442, 14.000000
0, 442, 14.000000
0, 442, 14.000000
0, 442, 13.000000
0, 442, 14.000000
0, 442, 14.000000
0, 442, 14.000000
0, 442, 14.000000
0, 442, 14.000000
0, 442, 14.000000
0, 442, 14.000000
0, 442, 14.000000
0, 442, 14.000000
0, 442, 14.000000
0, 442, 14.000000
0, 442, 14.000000
0, 442, 14.000000
0, 442, 14.000000
0, 442, 14.000000
0, 442, 14.000000
0, 442, 14.000000
0, 442, 14.000000
0, 442, 14.000000
0, 442, 14.000000
0, 442, 13.000000
0, 442, 13.000000
0, 442, 14.000000
0, 442, 14.000000
0, 442, 14.000000
0, 442, 14.000000
0, 442, 14.000000
0, 442, 14.000000
0, 442, 14.000000
0, 442, 14.000000
0, 442, 14.000000
0, 442, 14.000000
0, 442, 14.000000
0, 442, 14.000000
0, 442, 14.000000
0, 442, 14.000000
0, 442, 14.000000
0, 442, 14.000000
0, 442, 14.000000
0, 442, 14.000000
0, 442, 14.000000
0, 442, 14.000000
0, 442, 14.000000
0, 442, 14.000000
0, 442, 14.000000
0, 442, 14.000000
0, 442, 14.000000
0, 442, 14.000000
0, 442, 14.000000
0, 442, 14.000000
0, 442, 15.000000
0, 442, 14.000000
0, 442, 14.000000
0, 442, 14.000000
0, 442, 14.000000
0, 442, 14.000000
0, 442, 14.000000
0, 442, 13.000000
0, 442, 14.000000
0, 442, 14.000000
0, 442, 14.000000
0, 442, 14.000000
0, 442, 14.000000
0, 442, 14.000000
0, 442, 14.000000
0, 442, 14.000000
0, 442, 14.000000
0, 442, 14.000000
0, 442, 14.000000
0, 442, 14.000000
0, 442, 14.000000
0, 442, 14.000000
0, 442, 14.000000
0, 442, 14.000000
0, 442, 14.000000
0, 442, 14.000000
0, 442, 14.000000
0, 442, 14.000000
0, 442, 14.000000
0, 442, 14.000000
0, 442, 14.000000
0, 442, 14.000000
0, 442, 14.000000
0, 442, 13.000000
0, 442, 14.000000
0, 442, 14.000000
0, 442, 14.000000
0, 442, 14.000000
0, 442, 14.000000
0, 442, 15.000000
0, 442, 14.000000
0, 442, 14.000000
0, 442, 14.000000
0, 442, 14.000000
0, 442, 14.000000
0, 442, 14.000000
0, 442, 14.000000
0, 442, 14.000000
0, 442, 14.000000
0, 442, 14.000000
0, 442, 14.000000
0, 442, 14.000000
0, 442, 14.000000
0, 442, 14.000000
0, 442, 14.000000
0, 442, 14.000000
0, 442, 14.000000
0, 442, 14.000000
0, 442, 13.000000
0, 442, 13.000000
0, 442, 14.000000
0, 441, 14.000000
0, 441, 14.000000
0, 441, 14.000000
0, 441, 15.000000
0, 441, 14.000000
0, 441, 14.000000
0, 441, 14.000000
0, 441, 14.000000
0, 441, 14.000000
0, 441, 14.000000
0, 441, 14.000000
0, 441, 14.000000
0, 441, 14.000000
0, 441, 14.000000
0, 440, 13.000000
0, 440, 14.000000
0, 440, 14.000000
0, 440, 14.000000
0, 440, 14.000000
0, 440, 14.000000
0, 440, 14.000000
0, 440, 14.000000
0, 440, 14.000000
0, 440, 14.000000
0, 440, 14.000000
0, 440, 14.000000
0, 440, 14.000000
0, 440, 14.000000
0, 440, 14.000000
0, 440, 14.000000
0, 440, 14.000000
0, 440, 14.000000
0, 440, 14.000000
0, 440, 14.000000
0, 440, 14.000000
0, 440, 14.000000
0, 440, 14.000000
0, 440, 14.000000
0, 440, 14.000000
0, 439, 14.000000
0, 439, 14.000000
0, 439, 14.000000
0, 439, 14.000000
0, 439, 14.000000
0, 439, 14.000000
0, 439, 14.000000
0, 439, 14.000000
0, 439, 14.000000
0, 439, 14.000000
0, 439, 15.000000
0, 439, 14.000000
0, 439, 14.000000
0, 439, 14.000000
0, 439, 14.000000
0, 439, 14.000000
0, 439, 14.000000
0, 439, 14.000000
0, 439, 14.000000
0, 439, 14.000000
0, 439, 14.000000
0, 439, 14.000000
0, 439, 13.000000
0, 439, 14.000000
0, 439, 14.000000
0, 439, 14.000000
0, 439, 14.000000
0, 439, 14.000000
0, 439, 14.000000
0, 439, 14.000000
0, 439, 14.000000
0, 439, 13.000000
0, 439, 14.000000
0, 439, 14.000000
0, 439, 14.000000
0, 439, 14.000000
0, 439, 14.000000
0, 439, 14.000000
0, 439, 14.000000
0, 439, 13.000000
0, 439, 14.000000
0, 439, 14.000000
0, 439, 14.000000
0, 439, 14.000000
0, 439, 14.000000
0, 439, 14.000000
0, 439, 15.000000
0, 439, 15.000000
0, 439, 14.000000
0, 439, 14.000000
0, 439, 15.000000
0, 439, 14.000000
0, 439, 14.000000
0, 439, 14.000000
0, 439, 15.000000
0, 439, 14.000000
0, 439, 14.000000
0, 439, 15.000000
0, 439, 14.000000
0, 439, 14.000000
0, 439, 14.000000
0, 439, 14.000000
0, 439, 14.000000
0, 439, 14.000000
0, 439, 14.000000
0, 439, 14.000000
0, 439, 14.000000
0, 439, 14.000000
0, 438, 13.000000
0, 438, 14.000000
0, 438, 14.000000
0, 438, 14.000000
0, 438, 14.000000
0, 438, 14.000000
0, 438, 13.000000
0, 438, 14.000000
0, 438, 14.000000
0, 438, 14.000000
0, 438, 14.000000
0, 438, 14.000000
0, 438, 14.000000
0, 438, 13.000000
0, 438, 14.000000
0, 438, 14.000000
0, 438, 14.000000
0, 438, 14.000000
0, 438, 14.000000
0, 438, 14.000000
0, 438, 13.000000
0, 438, 14.000000
0, 438, 14.000000
0, 438, 14.000000
0, 438, 14.000000
0, 438, 14.000000
0, 438, 14.000000
0, 438, 14.000000
0, 438, 14.000000
0, 438, 14.000000
0, 438, 14.000000
0, 437, 13.000000
0, 437, 14.000000
0, 437, 14.000000
0, 437, 14.000000
0, 437, 14.000000
0, 437, 14.000000
0, 437, 13.000000
0, 437, 14.000000
0, 437, 14.000000
0, 437, 14.000000
0, 437, 14.000000
0, 437, 14.000000
0, 437, 13.000000
0, 437, 14.000000
0, 437, 14.000000
0, 437, 14.000000
0, 437, 14.000000
0, 437, 14.000000
0, 437, 13.000000
0, 437, 14.000000
0, 437, 14.000000
0, 437, 14.000000
0, 437, 14.000000
0, 437, 14.000000
0, 437, 14.000000
0, 437, 13.000000
0, 437, 14.000000
0, 437, 14.000000
0, 437, 14.000000
0, 437, 14.000000
0, 437, 14.000000
0, 437, 14.000000
0, 437, 13.000000
0, 437, 14.000000
0, 437, 14.000000
0, 437, 14.000000
